iot.id,name,description,Datastreams
6502b661692d9156bfda66ee,CM1-LS-134-C1,ปากแจ้งวัฒนะ 10 แยก 3-CAM1,
6502b665692d9156bfda66f5,CM1-LS-134-C2,ปากแจ้งวัฒนะ 10 แยก 3-CAM2,
6502b669692d9156bfda66fc,CM1-LS-134-C3,ปากแจ้งวัฒนะ 10 แยก 3-CAM3,
6502b66e692d9156bfda6703,CM1-LS-134-C4,ปากแจ้งวัฒนะ 10 แยก 3-CAM4,
6502b673692d9156bfda670a,CM1-LS-180-C1,หน้าอาคารศาลปกครอง ถนนแจ้งวัฒนะ ขาออก-CAM1,
6502b676692d9156bfda6711,CM1-LS-180-C2,หน้าอาคารศาลปกครอง ถนนแจ้งวัฒนะ ขาออก-CAM2,
6502b67b692d9156bfda6718,CM1-LS-180-C3,หน้าอาคารศาลปกครอง ถนนแจ้งวัฒนะ ขาออก-CAM3,
6502b681692d9156bfda671f,CM1-LS-180-C4,หน้าอาคารศาลปกครอง ถนนแจ้งวัฒนะ ขาออก-CAM4,
6502b688692d9156bfda6726,CM1-LS-23-C1,ปากแจ้งวัฒนะ14-CAM1,
6502b68c692d9156bfda672d,CM1-LS-23-C2,ปากแจ้งวัฒนะ14-CAM2,
6502b690692d9156bfda6734,CM1-LS-23-C3,ปากแจ้งวัฒนะ14-CAM3,
6502b694692d9156bfda673b,CM1-LS-23-C4,ปากแจ้งวัฒนะ14-CAM4,
6502b6ab692d9156bfda675e,CM1-LS-29-C1,ปากทางเข้าแฟลตพงษ์เพชร หลักสี่-CAM1,
6502b6af692d9156bfda6765,CM1-LS-29-C2,ปากทางเข้าแฟลตพงษ์เพชร หลักสี่-CAM2,
6502b6b4692d9156bfda676c,CM1-LS-29-C3,ปากทางเข้าแฟลตพงษ์เพชร หลักสี่-CAM3,
6502b6b8692d9156bfda6773,CM1-LS-29-C4,ปากทางเข้าแฟลตพงษ์เพชร หลักสี่-CAM4,
65b06e34b097e09ad2bfd4a0,CM1-PY-082-C01,23. ปากซอยพหลโยธิน 3-CAM1,
65b06e36b097e09ad2bfd4a7,CM1-PY-082-C02,23. ปากซอยพหลโยธิน 3-CAM2,
65b06e39b097e09ad2bfd4ae,CM1-PY-082-C01,23. ปากซอยพหลโยธิน 3-CAM1,
65b06e3bb097e09ad2bfd4b5,CM1-PY-082-C02,23. ปากซอยพหลโยธิน 3-CAM2,
65b0aad1b097e09ad2c032cb,CM2-TN-091-C01,ชุมชนหมู่บ้านนาราภิรมย์ (1)-CAM1,
65b0aad3b097e09ad2c032d2,CM2-TN-091-C01,ชุมชนหมู่บ้านนาราภิรมย์ (1)-CAM2,
65b0aad6b097e09ad2c032d9,CM2-TN-091-C01,ชุมชนหมู่บ้านนาราภิรมย์ (1)-CAM3,
65b0aad9b097e09ad2c032e0,CM2-TN-091-C01,ชุมชนหมู่บ้านนาราภิรมย์ (1)-CAM4,
65b0ab1361f83a8dcaf0627f,CM2-TN-098-C01,ซอยศาลาธรรมสพน์ 17-CAM1,
65b0ab15b097e09ad2c03332,CM2-TN-098-C01,ซอยศาลาธรรมสพน์ 17-CAM2,
65b0ab1861f83a8dcaf06284,CM2-TN-098-C01,ซอยศาลาธรรมสพน์ 17-CAM3,
65b0ab1a61f83a8dcaf06289,CM2-TN-098-C01,ซอยศาลาธรรมสพน์ 17-CAM4,
65b0bce161f83a8dcaf07954,CM2-BP-057-C02,ชุมชนคลองสวนพริก (2)-CAM2,
65b0bce461f83a8dcaf0795b,CM2-BP-059-C04,ชุมชนแสงทอง (2)-CAM4,
65b0bce961f83a8dcaf07969,CM2-BP-057-C02,ชุมชนคลองสวนพริก (2)-CAM2,
65b0bd0561f83a8dcaf079af,CM2-BP-059-C04,ชุมชนแสงทอง (2)-CAM4,
65b0fac0b097e09ad2c09b47,CM1-LS-23-C1,ปากซอยแจ้งวัฒนะ 14-CAM1,
65b0fac2b097e09ad2c09b4e,CM1-LS-23-C2,ปากซอยแจ้งวัฒนะ 14-CAM2,
65b0fac5b097e09ad2c09b53,CM1-LS-23-C3,ปากซอยแจ้งวัฒนะ 14-CAM3,
65b0fac7b097e09ad2c09b5a,CM1-LS-23-C4,ปากซอยแจ้งวัฒนะ 14-CAM4,
65b0faf061f83a8dcaf0c332,CM1-LS-29-C1,ปากทางเข้าแฟลตพงษ์เพชร หลักสี่-CAM1,
65b0faf3b097e09ad2c09bc7,CM1-LS-29-C2,ปากทางเข้าแฟลตพงษ์เพชร หลักสี่-CAM2,
65b0faf5b097e09ad2c09bce,CM1-LS-29-C3,ปากทางเข้าแฟลตพงษ์เพชร หลักสี่-CAM3,
65b0faf8b097e09ad2c09bd4,CM1-LS-29-C4,ปากทางเข้าแฟลตพงษ์เพชร หลักสี่-CAM4,
65b0feef61f83a8dcaf0c7c8,CM1-LS-134-C1,ปากซอยแจ้งวัฒนะ 10 แยก 3-CAM1,
65b0fef161f83a8dcaf0c7cf,CM1-LS-134-C2,ปากซอยแจ้งวัฒนะ 10 แยก 3-CAM2,
65b0fef461f83a8dcaf0c7d6,CM1-LS-134-C3,ปากซอยแจ้งวัฒนะ 10 แยก 3-CAM3,
65b0fef661f83a8dcaf0c7dd,CM1-LS-134-C4,ปากซอยแจ้งวัฒนะ 10 แยก 3-CAM4,
65b100a261f83a8dcaf0c981,CM1-LS-180-C1,หน้าอาคารศาลปกครอง ถนนแจ้งวัฒนะ (ขาออก)-CAM1,
65b100a4b097e09ad2c0a5ad,CM1-LS-180-C2,หน้าอาคารศาลปกครอง ถนนแจ้งวัฒนะ (ขาออก)-CAM2,
65b100a661f83a8dcaf0c989,CM1-LS-180-C3,หน้าอาคารศาลปกครอง ถนนแจ้งวัฒนะ (ขาออก)-CAM3,
65b100a961f83a8dcaf0c98c,CM1-LS-180-C4,หน้าอาคารศาลปกครอง ถนนแจ้งวัฒนะ (ขาออก)-CAM4,
666044a69efb8d1af6b3f9b9,AC-BN-04-A-C01,บางกอกพัฒนา-CAM1,
666044a79efb8d1af6b3f9bd,AC-BN-04-A-C02,บางกอกพัฒนา-CAM2,
666044a7a9ff45d3521c4061,AC-BN-04-A-C03,บางกอกพัฒนา-CAM3,
666044a89efb8d1af6b3f9c1,AC-BN-04-A-C04,บางกอกพัฒนา-CAM4,
666044a89efb8d1af6b3f9c6,AC-BN-04-B-C01,บางกอกพัฒนา-CAM1,
666044a8a81c7312ce348711,AC-BN-04-B-C02,บางกอกพัฒนา-CAM2,
666044a99efb8d1af6b3f9cd,AC-BN-04-B-C03,บางกอกพัฒนา-CAM3,
666044a99efb8d1af6b3f9d0,AC-BN-04-B-C04,บางกอกพัฒนา-CAM4,
666045019efb8d1af6b3fb5f,AC-PK-08-A-C01,วิทยาลัยพณิชยการบางนา-CAM1,
666045029efb8d1af6b3fb68,AC-PK-08-A-C03,วิทยาลัยพณิชยการบางนา-CAM3,
66604502a81c7312ce34888b,AC-PK-08-A-C02,วิทยาลัยพณิชยการบางนา-CAM2,
666045039efb8d1af6b3fb6c,AC-PK-08-B-C010,วิทยาลัยพณิชยการบางนา-CAM10,
66604503a9ff45d3521c4282,AC-PK-08-A-C04,วิทยาลัยพณิชยการบางนา-CAM4,
666045049efb8d1af6b3fb72,AC-PK-08-B-C012,วิทยาลัยพณิชยการบางนา-CAM12,
66604504a81c7312ce348890,AC-PK-08-B-C011,วิทยาลัยพณิชยการบางนา-CAM11,
66604505a81c7312ce348898,AC-PT-06-A-C01,โรงเรียนฝึกอาชีพกรุงเทพมหานคร (บ่อนไก่)-CAM1,
66604505a9ff45d3521c428d,AC-PK-08-B-C9,วิทยาลัยพณิชยการบางนา-CAM9,
66604506a81c7312ce34889a,AC-PT-06-A-C02,โรงเรียนฝึกอาชีพกรุงเทพมหานคร (บ่อนไก่)-CAM2,
66604506a9ff45d3521c4296,AC-PT-06-A-C03,โรงเรียนฝึกอาชีพกรุงเทพมหานคร (บ่อนไก่)-CAM3,
66604507a9ff45d3521c4299,AC-PT-06-A-C04,โรงเรียนฝึกอาชีพกรุงเทพมหานคร (บ่อนไก่)-CAM4,
66604507a9ff45d3521c429e,AC-PT-06-B-C01,โรงเรียนฝึกอาชีพกรุงเทพมหานคร (บ่อนไก่)-CAM1,
666045089efb8d1af6b3fb86,AC-PT-06-B-C03,โรงเรียนฝึกอาชีพกรุงเทพมหานคร (บ่อนไก่)-CAM3,
66604508a9ff45d3521c42a0,AC-PT-06-B-C02,โรงเรียนฝึกอาชีพกรุงเทพมหานคร (บ่อนไก่)-CAM2,
666045099efb8d1af6b3fb89,AC-PT-06-B-C04,โรงเรียนฝึกอาชีพกรุงเทพมหานคร (บ่อนไก่)-CAM4,
66604509a9ff45d3521c42a8,AC-PT-08-A-C01,สถาบันเทคโนโลยีปทุมวัน-CAM1,
6660450a9efb8d1af6b3fb90,AC-PT-08-A-C02,สถาบันเทคโนโลยีปทุมวัน-CAM2,
6660450aa9ff45d3521c42ab,AC-PT-08-A-C03,สถาบันเทคโนโลยีปทุมวัน-CAM3,
6660450ba81c7312ce3488ac,AC-PT-08-B-C01,สถาบันเทคโนโลยีปทุมวัน-CAM1,
6660450ba9ff45d3521c42b0,AC-PT-08-A-C04,สถาบันเทคโนโลยีปทุมวัน-CAM4,
6660450ca81c7312ce3488ae,AC-PT-08-B-C02,สถาบันเทคโนโลยีปทุมวัน-CAM2,
6660450ca81c7312ce3488b3,AC-PT-08-B-C03,สถาบันเทคโนโลยีปทุมวัน-CAM3,
6660450d9efb8d1af6b3fb9f,AC-SL-01-A-C01,เกษมบัณฑิต-CAM1,
6660450da9ff45d3521c42bd,AC-PT-08-B-C04,สถาบันเทคโนโลยีปทุมวัน-CAM4,
6660450e9efb8d1af6b3fba2,AC-SL-01-A-C02,เกษมบัณฑิต-CAM2,
6660450e9efb8d1af6b3fba7,AC-SL-01-A-C04,เกษมบัณฑิต-CAM4,
6660450ea81c7312ce3488bb,AC-SL-01-A-C03,เกษมบัณฑิต-CAM3,
6660450f9efb8d1af6b3fbab,AC-SL-01-B-C01,เกษมบัณฑิต-CAM1,
6660450f9efb8d1af6b3fbad,AC-SL-01-B-C02,เกษมบัณฑิต-CAM2,
666045109efb8d1af6b3fbb0,AC-SL-01-B-C03,เกษมบัณฑิต-CAM3,
66604510a81c7312ce3488c4,AC-SL-01-B-C04,เกษมบัณฑิต-CAM4,
666045119efb8d1af6b3fbb5,AC-SL-03-A-C02,เตรียมอุดมศึกษาพัฒนาการ-CAM2,
66604511a81c7312ce3488c6,AC-SL-03-A-C01,เตรียมอุดมศึกษาพัฒนาการ-CAM1,
666045139efb8d1af6b3fbb9,AC-SL-03-A-C04,เตรียมอุดมศึกษาพัฒนาการ-CAM4,
66604513a9ff45d3521c42df,AC-SL-03-A-C03,เตรียมอุดมศึกษาพัฒนาการ-CAM3,
66604514a9ff45d3521c42e5,AC-SL-09-A-C01,สถาบันเทคโนโลยีไทย-ญี่ปุ่น-CAM1,
66604515a9ff45d3521c42e8,AC-SL-09-A-C02,สถาบันเทคโนโลยีไทย-ญี่ปุ่น-CAM2,
6660451a9efb8d1af6b3fbc1,AC-SL-09-A-C03,สถาบันเทคโนโลยีไทย-ญี่ปุ่น-CAM3,
6660451aa9ff45d3521c42eb,AC-SL-09-A-C04,สถาบันเทคโนโลยีไทย-ญี่ปุ่น-CAM4,
6660452e9efb8d1af6b3fc17,AC-ST-08-A-C02,วัดสุทธิวราราม-CAM2,
6660452ea81c7312ce348920,AC-ST-08-A-C01,วัดสุทธิวราราม-CAM1,
6660452f9efb8d1af6b3fc1c,AC-ST-08-A-C04,วัดสุทธิวราราม-CAM4,
6660452fa81c7312ce348929,AC-ST-08-A-C03,วัดสุทธิวราราม-CAM3,
666045309efb8d1af6b3fc1d,AC-ST-08-A-C5,วัดสุทธิวราราม-CAM5,
66604530a81c7312ce348930,AC-ST-08-A-C6,วัดสุทธิวราราม-CAM6,
66604531a81c7312ce348934,AC-ST-08-A-C7,วัดสุทธิวราราม-CAM7,
66604531a9ff45d3521c436c,AC-ST-08-A-C8,วัดสุทธิวราราม-CAM8,
66604532a81c7312ce34893a,AC-ST-08-A-C9,วัดสุทธิวราราม-CAM9,
66604533a9ff45d3521c4372,AC-ST-09-A-C01,วิทยาลัยอาชีวศึกษาเอี่ยมละออ A-CAM1,
66604533a9ff45d3521c4375,AC-ST-09-A-C02,วิทยาลัยอาชีวศึกษาเอี่ยมละออ A-CAM2,
66604534a81c7312ce348943,AC-ST-09-A-C03,วิทยาลัยอาชีวศึกษาเอี่ยมละออ A-CAM3,
66604535a9ff45d3521c437a,AC-ST-09-A-C04,วิทยาลัยอาชีวศึกษาเอี่ยมละออ A-CAM4,
66604535a9ff45d3521c437e,AC-ST-09-B-C01,วิทยาลัยอาชีวศึกษาเอี่ยมละออ B-CAM1,
66604536a9ff45d3521c4381,AC-ST-09-B-C02,วิทยาลัยอาชีวศึกษาเอี่ยมละออ B-CAM2,
666045379efb8d1af6b3fc30,AC-ST-09-B-C03,วิทยาลัยอาชีวศึกษาเอี่ยมละออ B-CAM3,
666045379efb8d1af6b3fc32,AC-ST-09-B-C04,วิทยาลัยอาชีวศึกษาเอี่ยมละออ B-CAM4,
666045389efb8d1af6b3fc38,AC-WT-02-A-C02,เกษมพิทยา-CAM2,
66604538a81c7312ce348950,AC-WT-02-A-C01,เกษมพิทยา-CAM1,
666045399efb8d1af6b3fc39,AC-WT-02-A-C03,เกษมพิทยา-CAM3,
6660453a9efb8d1af6b3fc3a,AC-WT-02-A-C04,เกษมพิทยา-CAM4,
6660453aa81c7312ce34895d,AC-WT-02-B-C01,เกษมพิทยา-CAM1,
6660453ba81c7312ce348960,AC-WT-02-B-C02,เกษมพิทยา-CAM2,
6660453ba9ff45d3521c4395,AC-WT-02-B-C03,เกษมพิทยา-CAM3,
6660453ca9ff45d3521c4398,AC-WT-02-B-C04,เกษมพิทยา-CAM4,
6660453d9efb8d1af6b3fc44,AC-WT-03-A-C01,คริสต์ธรรมศึกษา-CAM1,
6660453e9efb8d1af6b3fc46,AC-WT-03-A-C02,คริสต์ธรรมศึกษา-CAM2,
6660453ea9ff45d3521c43a1,AC-WT-03-A-C03,คริสต์ธรรมศึกษา-CAM3,
6660453f9efb8d1af6b3fc4a,AC-WT-03-A-C04,คริสต์ธรรมศึกษา-CAM4,
6660453fa81c7312ce348970,AC-WT-03-B-C01,คริสต์ธรรมศึกษา-CAM1,
666045409efb8d1af6b3fc4e,AC-WT-03-B-C02,คริสต์ธรรมศึกษา-CAM2,
66604541a81c7312ce348974,AC-WT-03-B-C04,คริสต์ธรรมศึกษา-CAM4,
66604541a9ff45d3521c43ac,AC-WT-03-B-C03,คริสต์ธรรมศึกษา-CAM3,
66604542a9ff45d3521c43b5,AC-WT-06-A-C01,วัฒนาวิทยาลัย-CAM1,
66604542a9ff45d3521c43b7,AC-WT-06-A-C02,วัฒนาวิทยาลัย-CAM2,
666045439efb8d1af6b3fc54,AC-WT-06-A-C03,วัฒนาวิทยาลัย-CAM3,
666045449efb8d1af6b3fc57,AC-WT-06-A-C04,วัฒนาวิทยาลัย-CAM4,
66604544a81c7312ce348980,AC-WT-06-B-C01,วัฒนาวิทยาลัย-CAM1,
666045459efb8d1af6b3fc5c,AC-WT-06-B-C02,วัฒนาวิทยาลัย-CAM2,
66604545a81c7312ce348986,AC-WT-06-B-C03,วัฒนาวิทยาลัย-CAM3,
66604546a9ff45d3521c43c5,AC-WT-06-B-C04,วัฒนาวิทยาลัย-CAM4,
66604547a9ff45d3521c43cb,AC-WT-10-B-C01,ศรีนครินทรวิโรฒ ประสานมิตร-CAM1,
66604547a9ff45d3521c43ce,AC-WT-10-B-C02,ศรีนครินทรวิโรฒ ประสานมิตร-CAM2,
66604548a81c7312ce348992,AC-WT-10-B-C03,ศรีนครินทรวิโรฒ ประสานมิตร-CAM3,
66604548a81c7312ce348994,AC-WT-10-B-C04,ศรีนครินทรวิโรฒ ประสานมิตร-CAM4,
666045499efb8d1af6b3fc64,AC-YW-09-A-C01,สารสาสน์เอกตรา-CAM1,
6660454a9efb8d1af6b3fc66,AC-YW-09-A-C03,สารสาสน์เอกตรา-CAM3,
6660454aa81c7312ce34899a,AC-YW-09-A-C02,สารสาสน์เอกตรา-CAM2,
6660454ba9ff45d3521c43de,AC-YW-09-A-C04,สารสาสน์เอกตรา-CAM4,
6660454ba9ff45d3521c43e0,AC-YW-09-B-C01,สารสาสน์เอกตรา B-CAM1,
6660454ca81c7312ce3489a9,AC-YW-09-B-C02,สารสาสน์เอกตรา B-CAM2,
6660454ca9ff45d3521c43e6,AC-YW-09-B-C03,สารสาสน์เอกตรา B-CAM3,
6660454da9ff45d3521c43ec,AC-YW-09-B-C04,สารสาสน์เอกตรา B-CAM4,
666046a89efb8d1af6b40177,CM2-BN-015-C02,ปากซอยสุขุมวิท 103 ถนนสุขุมวิท 103 (2)-CAM2,
666046a8a81c7312ce349054,CM2-BN-015-C01,ปากซอยสุขุมวิท 103 ถนนสุขุมวิท 103 (2)-CAM1,
666046a9a81c7312ce349060,CM2-BN-015-C04,ปากซอยสุขุมวิท 103 ถนนสุขุมวิท 103 (2)-CAM4,
666046a9a9ff45d3521c49fa,CM2-BN-015-C03,ปากซอยสุขุมวิท 103 ถนนสุขุมวิท 103 (2)-CAM3,
666046aa9efb8d1af6b4017c,CM2-BN-029-C04,ชุมชนวัดผ่องพลอยอนุสรณ์ (ลิขิต 2) (2)-CAM4,
666046aaa81c7312ce34906a,CM2-BN-031-C03,ชุมชนคลองบางนา (2)-CAM3,
666046ab9efb8d1af6b40180,CM2-BN-039-C03,ชุมชนวงศ์สวัสดิ์ (2)-CAM3,
666046aba9ff45d3521c4a03,CM2-BN-051-C03,ชุมชนหมู่บ้านจัดสรรยาสูบ (2)-CAM3,
666046ac9efb8d1af6b40185,CM2-BN-061-C04,ชุมชนรุ่งสว่าง (2)-CAM4,
666046aca81c7312ce349071,CM2-BN-061-C03,ชุมชนรุ่งสว่าง (2)-CAM3,
666046ad9efb8d1af6b4018a,CM2-BN-067-C02,ชุมชนพูนสิน (2)-CAM2,
666046ada81c7312ce34907b,CM2-BN-068-C01,ชุมชนซอยโปษยานนท์ (1)-CAM1,
666046ada81c7312ce34907f,CM2-BN-068-C02,ชุมชนซอยโปษยานนท์ (1)-CAM2,
666046aea81c7312ce349087,CM2-BN-068-C04,ชุมชนซอยโปษยานนท์ (1)-CAM4,
666046aea9ff45d3521c4a0c,CM2-BN-068-C03,ชุมชนซอยโปษยานนท์ (1)-CAM3,
666046afa81c7312ce34908c,CM2-BN-075-C01,ชุมชนสยามคอนโด 2 (2)-CAM1,
666046afa81c7312ce349091,CM2-BN-079-C01,หน้าห้างเซ็นทรัลบางนา ถนนบางนา-ตราด-CAM1,
666046b0a81c7312ce349097,CM2-BR-009-C01,ปากซอยปราโมทย์ 2 ตัดถนนมเหสักข์-CAM1,
666046b19efb8d1af6b40194,CM2-BR-009-C02,ปากซอยปราโมทย์ 2 ตัดถนนมเหสักข์-CAM2,
666046b1a81c7312ce34909e,CM2-BR-009-C03,ปากซอยปราโมทย์ 2 ตัดถนนมเหสักข์-CAM3,
666046b2a81c7312ce3490a2,CM2-BR-009-C04,ปากซอยปราโมทย์ 2 ตัดถนนมเหสักข์-CAM4,
666046b2a81c7312ce3490a6,CM2-BR-028-C01,ชุมชนซอยสันติภาพ (2)-CAM1,
666046b39efb8d1af6b4019c,CM2-BR-028-C02,ชุมชนซอยสันติภาพ (2)-CAM2,
666046b3a81c7312ce3490b0,CM2-BR-028-C03,ชุมชนซอยสันติภาพ (2)-CAM3,
666046b4a81c7312ce3490b2,CM2-BR-028-C04,ชุมชนซอยสันติภาพ (2)-CAM4,
666046b4a9ff45d3521c4a19,CM2-BR-033-C01,ชุมชนจอมสมบูรณ์ (1)-CAM1,
666046b5a81c7312ce3490b9,CM2-BR-033-C02,ชุมชนจอมสมบูรณ์ (1)-CAM2,
666046b5a81c7312ce3490bd,CM2-BR-033-C03,ชุมชนจอมสมบูรณ์ (1)-CAM3,
666046b6a81c7312ce3490c4,CM2-BR-052-C04,ชุมชนหลังโรงพยาบาลเลิดสิน (2)-CAM4,
666046b6a9ff45d3521c4a1c,CM2-BR-033-C04,ชุมชนจอมสมบูรณ์ (1)-CAM4,
666046b7a81c7312ce3490c6,CM2-BR-055-C01,ปากซอยศาลาแดง 1 ถนนศาลาแดง-CAM1,
666046b8a81c7312ce3490cb,CM2-BR-055-C02,ปากซอยศาลาแดง 1 ถนนศาลาแดง-CAM2,
666046b8a81c7312ce3490cc,CM2-BR-055-C03,ปากซอยศาลาแดง 1 ถนนศาลาแดง-CAM3,
666046b99efb8d1af6b401b4,CM2-BR-055-C04,ปากซอยศาลาแดง 1 ถนนศาลาแดง-CAM4,
666046b99efb8d1af6b401b8,CM2-BR-084-C02,ตลาดน้อย-CAM2,
666046b9a81c7312ce3490d4,CM2-BR-084-C01,ตลาดน้อย-CAM1,
666046ba9efb8d1af6b401bb,CM2-BR-084-C03,ตลาดน้อย-CAM3,
666046bb9efb8d1af6b401bd,CM2-BR-084-C04,ตลาดน้อย-CAM4,
666046bb9efb8d1af6b401bf,CM2-PK-001-C01,ซอย พึ่งมี 50 (นิรันทร์วิลล่า)-CAM1,
666046bd9efb8d1af6b401c2,CM2-PK-001-C02,ซอย พึ่งมี 50 (นิรันทร์วิลล่า)-CAM2,
666046bda81c7312ce3490ed,CM2-PK-001-C03,ซอย พึ่งมี 50 (นิรันทร์วิลล่า)-CAM3,
666046bda81c7312ce3490f0,CM2-PK-001-C04,ซอย พึ่งมี 50 (นิรันทร์วิลล่า)-CAM4,
666046bea81c7312ce3490f3,CM2-PK-002-C01,ซอยวชิรธรรมสาธิต 32-CAM1,
666046c1a81c7312ce3490f6,CM2-PK-002-C02,ซอยวชิรธรรมสาธิต 32-CAM2,
666046c29efb8d1af6b401d1,CM2-PK-002-C04,ซอยวชิรธรรมสาธิต 32-CAM4,
666046c2a81c7312ce3490fb,CM2-PK-002-C03,ซอยวชิรธรรมสาธิต 32-CAM3,
666046c39efb8d1af6b401d4,CM2-PK-003-C02,ปากซอยปุณวิถี 25-CAM2,
666046c3a81c7312ce349103,CM2-PK-003-C01,ปากซอยปุณวิถี 25-CAM1,
666046c49efb8d1af6b401d7,CM2-PK-003-C03,ปากซอยปุณวิถี 25-CAM3,
666046c49efb8d1af6b401db,CM2-PK-003-C04,ปากซอยปุณวิถี 25-CAM4,
666046c5a81c7312ce349112,CM2-PK-004-C01,ซอยพึ่งมี 29 เชื่อมซอยอ่อนนุช 30-CAM1,
666046c5a9ff45d3521c4a38,CM2-PK-004-C02,ซอยพึ่งมี 29 เชื่อมซอยอ่อนนุช 30-CAM2,
666046c5a9ff45d3521c4a3c,CM2-PK-004-C03,ซอยพึ่งมี 29 เชื่อมซอยอ่อนนุช 30-CAM3,
666046c6a81c7312ce34911c,CM2-PK-004-C04,ซอยพึ่งมี 29 เชื่อมซอยอ่อนนุช 30-CAM4,
666046c6a81c7312ce349120,CM2-PK-005-C01,ซอยสุขุมวิท 64/1-CAM1,
666046c79efb8d1af6b401e5,CM2-PK-005-C03,ซอยสุขุมวิท 64/1-CAM3,
666046c7a81c7312ce349125,CM2-PK-005-C02,ซอยสุขุมวิท 64/1-CAM2,
666046c8a81c7312ce34912d,CM2-PK-005-C04,ซอยสุขุมวิท 64/1-CAM4,
666046c9a81c7312ce349131,CM2-PK-006-C01,ซอยปุณณวิถี 47-CAM1,
666046c9a81c7312ce349136,CM2-PK-006-C02,ซอยปุณณวิถี 47-CAM2,
666046ca9efb8d1af6b401ed,CM2-PK-006-C03,ซอยปุณณวิถี 47-CAM3,
666046ca9efb8d1af6b401ee,CM2-PK-006-C04,ซอยปุณณวิถี 47-CAM4,
666046cb9efb8d1af6b401f3,CM2-PK-019-C03,ชุมชนสุภาพงษ์ (1)-CAM3,
666046cba9ff45d3521c4a46,CM2-PK-009-C04,ซอยวชิรธรรมสาธิต 27-29-CAM4,
666046cca81c7312ce349146,CM2-PK-019-C04,ชุมชนสุภาพงษ์ (1)-CAM4,
666046cca81c7312ce34914a,CM2-PK-022-C04,ชุมชนหมู่บ้านการท่าเรือ (2)-CAM4,
666046cd9efb8d1af6b401fd,CM2-PK-025-C01,ชุมชนเชลียง 5 (1)-CAM1,
666046cda81c7312ce34914f,CM2-PK-025-C02,ชุมชนเชลียง 5 (1)-CAM2,
666046cea81c7312ce349152,CM2-PK-025-C03,ชุมชนเชลียง 5 (1)-CAM3,
666046cf9efb8d1af6b40208,CM2-PK-025-C04,ชุมชนเชลียง 5 (1)-CAM4,
666046cfa9ff45d3521c4a51,CM2-PK-055-C04,ชุมชนหมู่บ้านไทยอาคาร (1)-CAM4,
666046d0a81c7312ce34915b,CM2-PK-063-C04,ชุมชนทุ่งสาธิต (1)-CAM4,
666046d0a9ff45d3521c4a55,CM2-PK-056-C02,ชุมชนหมู่บ้านไทยอาคาร (2)-CAM2,
666046d19efb8d1af6b40213,CM2-PK-065-C03,ซอยสุขุมวิท 64 แยก 5-CAM3,
666046d1a81c7312ce34915f,CM2-PK-072-C01,ชุมชนหมู่บ้านศรัณจิต 4 (2)-CAM1,
666046d29efb8d1af6b4021c,CM2-PK-076-C01,ชุมชนเยี่ยมเจริญสุข (2)-CAM1,
666046d39efb8d1af6b4021f,CM2-PK-076-C02,ชุมชนเยี่ยมเจริญสุข (2)-CAM2,
666046d39efb8d1af6b40221,CM2-PK-076-C03,ชุมชนเยี่ยมเจริญสุข (2)-CAM3,
666046d4a81c7312ce34916d,CM2-PK-076-C04,ชุมชนเยี่ยมเจริญสุข (2)-CAM4,
666046d4a81c7312ce349172,CM2-PT-043-C01,หน้าสมาคมราชกีฑาสโมสรประตู 1 ถนนอังรีดูนัง-CAM1,
666046d4a81c7312ce349176,CM2-PT-043-C02,หน้าสมาคมราชกีฑาสโมสรประตู 1 ถนนอังรีดูนัง-CAM2,
666046d59efb8d1af6b40228,CM2-PT-043-C03,หน้าสมาคมราชกีฑาสโมสรประตู 1 ถนนอังรีดูนัง-CAM3,
666046d59efb8d1af6b4022b,CM2-PT-043-C04,หน้าสมาคมราชกีฑาสโมสรประตู 1 ถนนอังรีดูนัง-CAM4,
666046d6a81c7312ce349182,CM2-PT-051-C01,ชุมชนวัดชัยมงคล (2)-CAM1,
666046d6a81c7312ce349185,CM2-PT-051-C02,ชุมชนวัดชัยมงคล (2)-CAM2,
666046d7a81c7312ce349188,CM2-PT-051-C03,ชุมชนวัดชัยมงคล (2)-CAM3,
666046d7a81c7312ce34918c,CM2-PT-051-C04,ชุมชนวัดชัยมงคล (2)-CAM4,
666046d89efb8d1af6b40237,CM2-ST-018-C04,ซอยสาธุประดิษฐ์ 12 (ประสานมิตร)-CAM4,
666046d8a81c7312ce34918f,CM2-ST-003-C02,ปากซอยเจริญกรุง 63-CAM2,
666046d9a81c7312ce349194,CM2-ST-037-C01,ปากซอยเย็นอากาศ 3-CAM1,
666046d9a81c7312ce349197,CM2-ST-037-C02,ปากซอยเย็นอากาศ 3-CAM2,
666046daa81c7312ce34919c,CM2-ST-037-C03,ปากซอยเย็นอากาศ 3-CAM3,
666046dba81c7312ce3491a4,CM2-ST-038-C01,ปากซอยสาธุประดิษฐ์ 12 (ประสานมิตร)-CAM1,
666046dba9ff45d3521c4a6e,CM2-ST-037-C04,ปากซอยเย็นอากาศ 3-CAM4,
666046dca9ff45d3521c4a71,CM2-ST-038-C02,ปากซอยสาธุประดิษฐ์ 12 (ประสานมิตร)-CAM2,
666046dda81c7312ce3491ab,CM2-ST-038-C03,ปากซอยสาธุประดิษฐ์ 12 (ประสานมิตร)-CAM3,
666046dda81c7312ce3491b0,CM2-ST-038-C04,ปากซอยสาธุประดิษฐ์ 12 (ประสานมิตร)-CAM4,
666046dea81c7312ce3491b4,CM2-ST-055-C03,ปากซอยเจริญราษฏร์ 2-CAM3,
666046dea81c7312ce3491b8,CM2-ST-061-C01,ชุมชนปู่เหลี่ยม (1)-CAM1,
666046df9efb8d1af6b4024b,CM2-ST-065-C02,ชุมชนกิ่งจันทน์ ซอยจันทน์ 49 (1)-CAM2,
666046df9efb8d1af6b4024e,CM2-ST-067-C01,ชุมชน ส.พัน 1 รอ. (1)-CAM1,
666046e0a81c7312ce3491c3,CM2-ST-067-C02,ชุมชน ส.พัน 1 รอ. (1)-CAM2,
666046e0a81c7312ce3491c7,CM2-ST-067-C03,ชุมชน ส.พัน 1 รอ. (1)-CAM3,
666046e0a9ff45d3521c4a7d,CM2-ST-067-C04,ชุมชน ส.พัน 1 รอ. (1)-CAM4,
666046e1a81c7312ce3491cd,CM2-ST-079-C01,ชุมชนมิตรสามัคคี ซอยจันทน์ 34/2 (1)-CAM1,
666046e1a81c7312ce3491d2,CM2-ST-079-C02,ชุมชนมิตรสามัคคี ซอยจันทน์ 34/2 (1)-CAM2,
666046e2a81c7312ce3491d6,CM2-ST-079-C03,ชุมชนมิตรสามัคคี ซอยจันทน์ 34/2 (1)-CAM3,
666046e3a9ff45d3521c4a88,CM2-ST-079-C04,ชุมชนมิตรสามัคคี ซอยจันทน์ 34/2 (1)-CAM4,
666046e3a9ff45d3521c4a8a,CM2-ST-081-C02,ชุมชนแสงจันทร์ใน ซอยจันทน์ 32 แยก 3 (1)-CAM2,
666046e4a81c7312ce3491e0,CM2-ST-101-C01,ชุมชนเซ็นต์หลุยส์ 3 ซอยนราธิวาสฯ 6 (1)-CAM1,
666046e4a9ff45d3521c4a8e,CM2-ST-098-C04,ชุมชนวรรัตน์สัมพันธ์ ถนนนราธิวาสฯ (2)-CAM4,
666046e59efb8d1af6b4025c,CM2-ST-108-C01,ชุมชนพัฒนสิน (2)-CAM1,
666046e5a9ff45d3521c4a97,CM2-ST-108-C02,ชุมชนพัฒนสิน (2)-CAM2,
666046e69efb8d1af6b40266,CM2-ST-108-C04,ชุมชนพัฒนสิน (2)-CAM4,
666046e6a81c7312ce3491e6,CM2-ST-108-C03,ชุมชนพัฒนสิน (2)-CAM3,
666046e7a81c7312ce3491eb,CM2-ST-111-C01,ซอยสาทร 15-CAM1,
666046e7a9ff45d3521c4a9e,CM2-ST-112-C01,โรงเรียนพระแม่มารี-CAM1,
666046e7a9ff45d3521c4aa1,CM2-ST-112-C02,โรงเรียนพระแม่มารี-CAM2,
666046e89efb8d1af6b4026d,CM2-ST-112-C03,โรงเรียนพระแม่มารี-CAM3,
666046e9a81c7312ce3491fa,CM2-WT-027-C01,ชุมชนมีสุวรรณ 3 (1)-CAM1,
666046e9a81c7312ce3491fb,CM2-WT-027-C02,ชุมชนมีสุวรรณ 3 (1)-CAM2,
666046ea9efb8d1af6b40278,CM2-WT-027-C04,ชุมชนมีสุวรรณ 3 (1)-CAM4,
666046eaa9ff45d3521c4aad,CM2-WT-027-C03,ชุมชนมีสุวรรณ 3 (1)-CAM3,
666046eba81c7312ce349203,CM2-WT-028-C01,ชุมชนมีสุวรรณ 3 (2)-CAM1,
666046eba9ff45d3521c4ab3,CM2-WT-028-C02,ชุมชนมีสุวรรณ 3 (2)-CAM2,
666046ec9efb8d1af6b4027f,CM2-WT-028-C03,ชุมชนมีสุวรรณ 3 (2)-CAM3,
666046eca81c7312ce349207,CM2-WT-028-C04,ชุมชนมีสุวรรณ 3 (2)-CAM4,
666046f09efb8d1af6b40295,CM3-BN-005-C01,หมู่บ้านแสนสุข ซอยอุดมสุข 26 ซอย แสนสุข 4-CAM1,
666046f19efb8d1af6b40296,CM3-BN-005-C02,หมู่บ้านแสนสุข ซอยอุดมสุข 26 ซอย แสนสุข 4-CAM2,
666046f1a81c7312ce349225,CM3-BN-005-C03,หมู่บ้านแสนสุข ซอยอุดมสุข 26 ซอย แสนสุข 4-CAM3,
666046f39efb8d1af6b4029d,CM3-BN-023-C03,ปากซอยลาซาล 73-CAM3,
666046f3a9ff45d3521c4aca,CM3-BN-020-C01,ปากซอยลาซาล 81 ถนนสุขุมวิท 105-CAM1,
666046f4a81c7312ce349229,CM3-BN-031-C01,ท้ายซอยบางนา-ตราด 4-CAM1,
666046f4a9ff45d3521c4ad0,CM3-BN-025-C01,ซอยลาซาล 54-CAM1,
666046f8a81c7312ce34922e,CM3-BR-015-C01,ใต้ทางด่วนแยกมหานคร-CAM1,
666046f9a9ff45d3521c4ad6,CM3-BR-015-C02,ใต้ทางด่วนแยกมหานคร-CAM2,
666046f9a9ff45d3521c4ad8,CM3-BR-015-C03,ใต้ทางด่วนแยกมหานคร-CAM3,
666046fa9efb8d1af6b402ab,CM3-KL-006-C01,บริเวณ ซ.สาธุประดิษฐ์ 16-CAM1,
666046fa9efb8d1af6b402ac,CM3-KL-006-C02,บริเวณ ซ.สาธุประดิษฐ์ 16-CAM2,
666046fba9ff45d3521c4ae0,CM3-KL-006-C03,บริเวณ ซ.สาธุประดิษฐ์ 16-CAM3,
6660474a9efb8d1af6b4045e,CM3-PK-003-C01,บริเวณ ซ.วชิรธรรมสาธิต 32 แยก 2 ถ.สุขุมวิท 101/1-CAM1,
6660474ba81c7312ce349386,CM3-PK-003-C02,บริเวณ ซ.วชิรธรรมสาธิต 32 แยก 2 ถ.สุขุมวิท 101/1-CAM2,
6660474ba9ff45d3521c4c0e,CM3-PK-003-C03,บริเวณ ซ.วชิรธรรมสาธิต 32 แยก 2 ถ.สุขุมวิท 101/1-CAM3,
6660474ca81c7312ce34938e,CM3-PK-027-C02,ปากซอยอุดมสุข 45-CAM2,
6660474ca81c7312ce349390,CM3-PK-027-C03,ปากซอยอุดมสุข 45-CAM3,
6660474ca9ff45d3521c4c11,CM3-PK-027-C01,ปากซอยอุดมสุข 45-CAM1,
6660474d9efb8d1af6b40468,CM3-PT-012-C01,ชุมชนเคหะชุมชนบ่อนไก่-CAM1,
6660474e9efb8d1af6b4046c,CM3-PT-012-C02,ชุมชนเคหะชุมชนบ่อนไก่-CAM2,
6660474ea81c7312ce349393,CM3-PT-012-C03,ชุมชนเคหะชุมชนบ่อนไก่-CAM3,
6660474fa81c7312ce349395,CM3-PT-018-C01,แยกบรรทัดทองตัดกับถนนพระรามที่ 4-CAM1,
666047509efb8d1af6b40475,CM3-PT-018-C03,แยกบรรทัดทองตัดกับถนนพระรามที่ 4-CAM3,
66604750a9ff45d3521c4c28,CM3-PT-018-C02,แยกบรรทัดทองตัดกับถนนพระรามที่ 4-CAM2,
666047519efb8d1af6b40477,CM3-PT-033-C01,หน้าอาคารอรกานต์ (ถนนชิดลม)-CAM1,
66604751a9ff45d3521c4c2f,CM3-PT-033-C02,หน้าอาคารอรกานต์ (ถนนชิดลม)-CAM2,
66604752a81c7312ce3493a0,CM3-PT-033-C03,หน้าอาคารอรกานต์ (ถนนชิดลม)-CAM3,
6661a1019efb8d1af6b5ed8f,CB-PY-28-C1,ซอยอารีย์สัมพันธ์ 3 จุดที่ 2 - CAM1,
6661a102a81c7312ce36742a,CB-PY-28-C2,ซอยอารีย์สัมพันธ์ 3 จุดที่ 2 - CAM2,
6661a102a9ff45d3521e3e8d,CB-PY-28-C3,ซอยอารีย์สัมพันธ์ 3 จุดที่ 2 - CAM3,
6662f3f8a81c7312ce3885a1,EB-KP-1-C1,ปากซอยศรีบรูพา 13-CAM1,
6663fab09efb8d1af6bad251,CB-RW-23-C1,ชุมชนซอยแดงบุหา ซอยเพชรบุรี7 แขวงทุ่งพญาไท - CAM1,
6663fab09efb8d1af6bad260,CB-RW-23-C2,ชุมชนซอยแดงบุหา ซอยเพชรบุรี7 แขวงทุ่งพญาไท - CAM2,
6663fab1a81c7312ce3b7689,CB-RW-3-C1,ใต้สะพานคนข้ามถนน ฝั่งตรงข้ามซอยเพชรบุรี 39 แขวงมักกะสัน - CAM1,
6663fab1a9ff45d352233fb9,CB-RW-23-C3,ชุมชนซอยแดงบุหา ซอยเพชรบุรี7 แขวงทุ่งพญาไท - CAM3,
6663fab29efb8d1af6bad290,CB-RW-4-C1,ชุมชนริมทางรถไฟมักกะสัน แขวงมักกะสัน - CAM1,
6663fab2a9ff45d352233fc9,CB-RW-3-C2,ใต้สะพานคนข้ามถนน ฝั่งตรงข้ามซอยเพชรบุรี 39 แขวงมักกะสัน - CAM2,
6663fab3a9ff45d352233fea,CB-RW-4-C2,ชุมชนริมทางรถไฟมักกะสัน แขวงมักกะสัน - CAM2,
6663fab3a9ff45d352233fef,CB-RW-5-C1,ชุมชนริมทางรถไฟมักกะสัน แขวงมักกะสัน - CAM1,
6663fab49efb8d1af6bad2c2,CB-RW-6-C2,ลานกีฬาชุมชนบ้านครัวเหนือ - CAM2,
6663fab4a81c7312ce3b76b6,CB-RW-5-C2,ชุมชนริมทางรถไฟมักกะสัน แขวงมักกะสัน - CAM2,
6663fab4a81c7312ce3b76bc,CB-RW-6-C1,ลานกีฬาชุมชนบ้านครัวเหนือ - CAM1,
6663fab59efb8d1af6bad2cb,CB-RW-7-C1,ชุมชนบ้านครัวเหนือ ถนนบรรทัดทอง แขวงถนนเพชรบุรี - CAM1,
6663fab59efb8d1af6bad2da,CB-RW-7-C2,ชุมชนบ้านครัวเหนือ ถนนบรรทัดทอง แขวงถนนเพชรบุรี - CAM2,
6663fab69efb8d1af6bad2e5,CB-RW-8-C1,คอนโดเดอะ มาร์ค ถนนจตุรทิศ - CAM1,
6663fab6a9ff45d352234025,CB-RW-8-C2,คอนโดเดอะ มาร์ค ถนนจตุรทิศ - CAM2,
6663fab79efb8d1af6bad30e,CB-RW-9-C2,ซอยราชวิถี 3 แขวงสามเสนใน - CAM2,
6663fab7a9ff45d352234037,CB-RW-9-C1,ซอยราชวิถี 3 แขวงสามเสนใน - CAM1,
6663fab89efb8d1af6bad326,CB-SW-1-C2,ถนนทรงสวัสดิ์ ตัด ถนนเจริญกรุง - CAM2,
6663fab8a81c7312ce3b7716,CB-SW-1-C1,ถนนทรงสวัสดิ์ ตัด ถนนเจริญกรุง - CAM1,
6663fab99efb8d1af6bad341,CB-SW-2-C2,ถนนลำพูนไชย ตัด ถนนเจริญกรุง - CAM2,
6663fab9a81c7312ce3b7727,CB-SW-2-C1,ถนนลำพูนไชย ตัด ถนนเจริญกรุง - CAM1,
6663fabaa81c7312ce3b7737,CB-SW-3-C1,ตรอกโพธิ์ ถนนเยาวราช ซอย7 - CAM1,
6663fabaa9ff45d35223407c,CB-SW-3-C2,ตรอกโพธิ์ ถนนเยาวราช ซอย7 - CAM2,
6663fabb9efb8d1af6bad374,CB-SW-4-C2,ถนนเยาวพานิช - ถนนเยาวราช - CAM2,
6663fabba81c7312ce3b7749,CB-SW-4-C1,ถนนเยาวพานิช - ถนนเยาวราช - CAM1,
6663fabca81c7312ce3b7757,CB-SW-4-C3,ถนนเยาวพานิช - ถนนเยาวราช - CAM3,
6663fabca9ff45d35223409a,CB-SW-5-C1,ปากซอบถนนเจริญกรุง 16 ชุมชนเลงบ๊วยเอี๊ยะ - CAM1,
6663fabd9efb8d1af6bad38f,CB-SW-5-C2,ปากซอบถนนเจริญกรุง 16 ชุมชนเลงบ๊วยเอี๊ยะ - CAM2,
6663fabda9ff45d3522340a4,CB-SW-5-C3,ปากซอบถนนเจริญกรุง 16 ชุมชนเลงบ๊วยเอี๊ยะ - CAM3,
6663fabea9ff45d3522340a6,CB-WL-1-C1,หมู่บ้านศิรินเทพ ถนนอินทราภรณ์ ตัดถนนประดิษฐ์มนูธรรม - CAM1,
6663fabea9ff45d3522340b1,CB-WL-1-C2,หมู่บ้านศิรินเทพ ถนนอินทราภรณ์ ตัดถนนประดิษฐ์มนูธรรม - CAM2,
6663fabf9efb8d1af6bad3c1,CB-WL-10-C1,ซอยลาดพร้าว 80 แยก 22 (ซอยรัตนพงษ์) - CAM1,
6663fabfa9ff45d3522340bd,CB-WL-1-C3,หมู่บ้านศิรินเทพ ถนนอินทราภรณ์ ตัดถนนประดิษฐ์มนูธรรม - CAM3,
6663fac09efb8d1af6bad3d5,CB-WL-11-C1,หน้าสถานีสูบน้ำคลองจิกมิตรมหาดไทย ซอยลาดพร้าว 126 - CAM1,
6663fac0a81c7312ce3b7786,CB-WL-10-C2,ซอยลาดพร้าว 80 แยก 22 (ซอยรัตนพงษ์) - CAM2,
6663fac0a9ff45d3522340d2,CB-WL-10-C3,ซอยลาดพร้าว 80 แยก 22 (ซอยรัตนพงษ์) - CAM3,
6663fac19efb8d1af6bad3e1,CB-WL-11-C3,หน้าสถานีสูบน้ำคลองจิกมิตรมหาดไทย ซอยลาดพร้าว 126 - CAM3,
6663fac1a81c7312ce3b7790,CB-WL-11-C2,หน้าสถานีสูบน้ำคลองจิกมิตรมหาดไทย ซอยลาดพร้าว 126 - CAM2,
6663fac29efb8d1af6bad3f7,CB-WL-12-C2,ซอยลาดพร้าว 122 แยก 28 - CAM2,
6663fac2a81c7312ce3b7796,CB-WL-12-C1,ซอยลาดพร้าว 122 แยก 28 - CAM1,
6663fac3a81c7312ce3b779f,CB-WL-12-C3,ซอยลาดพร้าว 122 แยก 28 - CAM3,
6663fac3a9ff45d352234108,CB-WL-13-C1,เชิงสะพานข้ามคลองลาดพร้าวถนนประชาอุทิศ - CAM1,
6663fac4a81c7312ce3b77ba,CB-WL-13-C3,เชิงสะพานข้ามคลองลาดพร้าวถนนประชาอุทิศ - CAM3,
6663fac4a9ff45d35223410d,CB-WL-13-C2,เชิงสะพานข้ามคลองลาดพร้าวถนนประชาอุทิศ - CAM2,
6663fac5a81c7312ce3b77cb,CB-WL-14-C2,ซอยลาดพร้าว 80 แยก 2 แขวงวังทองหลาง - CAM2,
6663fac5a9ff45d35223411f,CB-WL-14-C1,ซอยลาดพร้าว 80 แยก 2 แขวงวังทองหลาง - CAM1,
6663fac6a9ff45d35223412e,CB-WL-14-C3,ซอยลาดพร้าว 80 แยก 2 แขวงวังทองหลาง - CAM3,
6663fac6a9ff45d352234133,CB-WL-15-C1,เชิงสะพานข้ามคลอง ซอยลาดพร้าว 126 - CAM1,
6663fac79efb8d1af6bad453,CB-WL-15-C2,เชิงสะพานข้ามคลอง ซอยลาดพร้าว 126 - CAM2,
6663fac7a9ff45d352234143,CB-WL-16-C1,เชิงสะพานจำเนียรเสริม ถนนประชาอุทิศ แขวงพลับพลา - CAM1,
6663fac89efb8d1af6bad460,CB-WL-16-C2,เชิงสะพานจำเนียรเสริม ถนนประชาอุทิศ แขวงพลับพลา - CAM2,
6663fac8a9ff45d352234150,CB-WL-2-C1,หมู่บ้านทิวสนโครงการ 2 ซ.ลาดพร้าว 87 แยก 28 - CAM1,
6663fac99efb8d1af6bad46e,CB-WL-2-C2,หมู่บ้านทิวสนโครงการ 2 ซ.ลาดพร้าว 87 แยก 28 - CAM2,
6663fac9a81c7312ce3b780f,CB-WL-2-C3,หมู่บ้านทิวสนโครงการ 2 ซ.ลาดพร้าว 87 แยก 28 - CAM3,
6663faca9efb8d1af6bad481,CB-WL-3-C1,หมู่บ้านลาดพร้าว 87 ซอยลาดพร้าว 87 - CAM1,
6663faca9efb8d1af6bad48d,CB-WL-3-C3,หมู่บ้านลาดพร้าว 87 ซอยลาดพร้าว 87 - CAM3,
6663facaa81c7312ce3b7821,CB-WL-3-C2,หมู่บ้านลาดพร้าว 87 ซอยลาดพร้าว 87 - CAM2,
6663facb9efb8d1af6bad499,CB-WL-4-C2,ซอยลาดพร้าว 87 แยก 3 แขวงคลองเจ้าคุณสิงห์ - CAM2,
6663facba81c7312ce3b7834,CB-WL-4-C1,ซอยลาดพร้าว 87 แยก 3 แขวงคลองเจ้าคุณสิงห์ - CAM1,
6663facc9efb8d1af6bad49c,CB-WL-4-C3,ซอยลาดพร้าว 87 แยก 3 แขวงคลองเจ้าคุณสิงห์ - CAM3,
6663facc9efb8d1af6bad49f,CB-WL-5-C1,ชุมชนไดร์ฟอิน ซอยลาดพร้าว 126 แขวงวังทองหลาง - CAM1,
6663facc9efb8d1af6bad4a4,CB-WL-5-C2,ชุมชนไดร์ฟอิน ซอยลาดพร้าว 126 แขวงวังทองหลาง - CAM2,
6663facda81c7312ce3b7859,CB-WL-6-C1,ซอยลาดพร้าว 64 แยก 10 - CAM1,
6663face9efb8d1af6bad4ad,CB-WL-6-C2,ซอยลาดพร้าว 64 แยก 10 - CAM2,
6663facea81c7312ce3b786a,CB-WL-6-C3,ซอยลาดพร้าว 64 แยก 10 - CAM3,
6663facfa81c7312ce3b7882,CB-WL-7-C1,ตรงข้ามบิ๊กซี ถนนโชคชัย 4 - CAM1,
6663fad09efb8d1af6bad4c5,CB-WL-7-C2,ตรงข้ามบิ๊กซี ถนนโชคชัย 4 - CAM2,
6663fad0a9ff45d3522341a9,CB-WL-8-C1,ปากซอยสังคมสงเคราะห์ 27 แขวงสะพานสูง - CAM1,
6663fad19efb8d1af6bad4d5,CB-WL-8-C2,ปากซอยสังคมสงเคราะห์ 27 แขวงสะพานสูง - CAM2,
6663fad1a81c7312ce3b78a0,CB-WL-8-C3,ปากซอยสังคมสงเคราะห์ 27 แขวงสะพานสูง - CAM3,
6663fad29efb8d1af6bad4e6,CB-WL-9-C1,หน้าร้าน Goldon Place ซอยจำเนียรเสริม - CAM1,
6663fad29efb8d1af6bad4ed,CB-WL-9-C2,หน้าร้าน Goldon Place ซอยจำเนียรเสริม - CAM2,
6663fad3a9ff45d3522341b9,CB-WL-9-C3,หน้าร้าน Goldon Place ซอยจำเนียรเสริม - CAM3,
66647b3ea81c7312ce3c7e57,EB-KP-17-C2,ภายในซอย รามคำแหง24 แยก 8-CAM2,
666496bca81c7312ce3cc1e4,EB-PW-8-C1,เฉลิมพระเกียรติ์ ร.๙ ซอย 9 แยก 2 - CAM1,
666496da9efb8d1af6bc1908,EB-KP-1-C1,ปากซอยศรีบรูพา 13-CAM1,
666496e99efb8d1af6bc195c,EB-KP-17-C2,ภายในซอย รามคำแหง24 แยก 8-CAM2,
666498e6a9ff45d352249853,EB-PW-8-C1,เฉลิมพระเกียรติ์ ร.๙ ซอย 9 แยก 2 - CAM1,
6664cc4ba81c7312ce3dde89,CM3-KL-006-C01,บริเวณ ซ.สาธุประดิษฐ์ 16-CAM1,
6664cc4c9efb8d1af6bd4cc0,CM3-KL-006-C02,บริเวณ ซ.สาธุประดิษฐ์ 16-CAM2,
6664cc4ca9ff45d35225afa2,CM3-KL-006-C03,บริเวณ ซ.สาธุประดิษฐ์ 16-CAM3,
6664cc4f9efb8d1af6bd4d4c,AC-BN-04-A-C02,บางกอกพัฒนา-CAM2,
6664cc4fa9ff45d35225b001,AC-BN-04-A-C01,บางกอกพัฒนา-CAM1,
6664cc509efb8d1af6bd4d58,AC-BN-04-A-C03,บางกอกพัฒนา-CAM3,
6664cc50a81c7312ce3ddefa,AC-BN-04-A-C04,บางกอกพัฒนา-CAM4,
6664cc519efb8d1af6bd4d6f,AC-BN-04-B-C01,บางกอกพัฒนา-CAM1,
6664cc51a81c7312ce3ddf0b,AC-BN-04-B-C02,บางกอกพัฒนา-CAM2,
6664cc529efb8d1af6bd4da0,AC-BN-04-B-C04,บางกอกพัฒนา-CAM4,
6664cc52a81c7312ce3ddf14,AC-BN-04-B-C03,บางกอกพัฒนา-CAM3,
6664cc539efb8d1af6bd4da5,CM2-BN-015-C01,ปากซอยสุขุมวิท 103 ถนนสุขุมวิท 103 (2)-CAM1,
6664cc539efb8d1af6bd4daa,CM2-BN-015-C02,ปากซอยสุขุมวิท 103 ถนนสุขุมวิท 103 (2)-CAM2,
6664cc53a9ff45d35225b045,CM2-BN-015-C03,ปากซอยสุขุมวิท 103 ถนนสุขุมวิท 103 (2)-CAM3,
6664cc549efb8d1af6bd4dbd,CM2-BN-029-C04,ชุมชนวัดผ่องพลอยอนุสรณ์ (ลิขิต 2) (2)-CAM4,
6664cc54a81c7312ce3ddf55,CM2-BN-031-C03,ชุมชนคลองบางนา (2)-CAM3,
6664cc54a9ff45d35225b04d,CM2-BN-015-C04,ปากซอยสุขุมวิท 103 ถนนสุขุมวิท 103 (2)-CAM4,
6664cc559efb8d1af6bd4dd4,CM2-BN-039-C03,ชุมชนวงศ์สวัสดิ์ (2)-CAM3,
6664cc559efb8d1af6bd4dd9,CM2-BN-051-C03,ชุมชนหมู่บ้านจัดสรรยาสูบ (2)-CAM3,
6664cc55a81c7312ce3ddf62,CM2-BN-061-C03,ชุมชนรุ่งสว่าง (2)-CAM3,
6664cc569efb8d1af6bd4dea,CM2-BN-061-C04,ชุมชนรุ่งสว่าง (2)-CAM4,
6664cc56a81c7312ce3ddf7f,CM2-BN-068-C01,ชุมชนซอยโปษยานนท์ (1)-CAM1,
6664cc56a9ff45d35225b07c,CM2-BN-067-C02,ชุมชนพูนสิน (2)-CAM2,
6664cc579efb8d1af6bd4e09,CM2-BN-068-C04,ชุมชนซอยโปษยานนท์ (1)-CAM4,
6664cc57a9ff45d35225b08d,CM2-BN-068-C02,ชุมชนซอยโปษยานนท์ (1)-CAM2,
6664cc57a9ff45d35225b097,CM2-BN-068-C03,ชุมชนซอยโปษยานนท์ (1)-CAM3,
6664cc589efb8d1af6bd4e11,CM2-BN-075-C01,ชุมชนสยามคอนโด 2 (2)-CAM1,
6664cc589efb8d1af6bd4e14,CM2-BN-079-C01,หน้าห้างเซ็นทรัลบางนา ถนนบางนา-ตราด-CAM1,
6664cc58a9ff45d35225b0b9,CM3-BN-005-C01,หมู่บ้านแสนสุข ซอยอุดมสุข 26 ซอย แสนสุข 4-CAM1,
6664cc59a81c7312ce3ddfb9,CM3-BN-005-C02,หมู่บ้านแสนสุข ซอยอุดมสุข 26 ซอย แสนสุข 4-CAM2,
6664cc59a9ff45d35225b0c6,CM3-BN-005-C03,หมู่บ้านแสนสุข ซอยอุดมสุข 26 ซอย แสนสุข 4-CAM3,
6664cc5aa9ff45d35225b0cf,CM3-BN-020-C01,ปากซอยลาซาล 81 ถนนสุขุมวิท 105-CAM1,
6664cc5aa9ff45d35225b0dc,CM3-BN-023-C03,ปากซอยลาซาล 73-CAM3,
6664cc5aa9ff45d35225b0e9,CM3-BN-025-C01,ซอยลาซาล 54-CAM1,
6664cc5b9efb8d1af6bd4e39,CM3-BN-031-C01,ท้ายซอยบางนา-ตราด 4-CAM1,
6664d9b4a81c7312ce3e1caa,CM2-BR-009-C01,ปากซอยปราโมทย์ 2 ตัดถนนมเหสักข์-CAM1,
6664d9b59efb8d1af6bd81a7,CM2-BR-009-C02,ปากซอยปราโมทย์ 2 ตัดถนนมเหสักข์-CAM2,
6664d9b7a9ff45d35225e637,CM2-BR-009-C03,ปากซอยปราโมทย์ 2 ตัดถนนมเหสักข์-CAM3,
6664d9b8a9ff45d35225e653,CM2-BR-009-C04,ปากซอยปราโมทย์ 2 ตัดถนนมเหสักข์-CAM4,
6664d9b9a9ff45d35225e670,CM2-BR-028-C01,ชุมชนซอยสันติภาพ (2)-CAM1,
6664d9bba9ff45d35225e690,CM2-BR-028-C02,ชุมชนซอยสันติภาพ (2)-CAM2,
6664d9bc9efb8d1af6bd8221,CM2-BR-028-C03,ชุมชนซอยสันติภาพ (2)-CAM3,
6664d9bea81c7312ce3e1d7c,CM2-BR-028-C04,ชุมชนซอยสันติภาพ (2)-CAM4,
6664d9bf9efb8d1af6bd8248,CM2-BR-033-C01,ชุมชนจอมสมบูรณ์ (1)-CAM1,
6664d9c0a9ff45d35225e6e9,CM2-BR-033-C02,ชุมชนจอมสมบูรณ์ (1)-CAM2,
6664d9c2a81c7312ce3e1deb,CM2-BR-033-C03,ชุมชนจอมสมบูรณ์ (1)-CAM3,
6664d9c3a81c7312ce3e1e19,CM2-BR-033-C04,ชุมชนจอมสมบูรณ์ (1)-CAM4,
6664d9c4a81c7312ce3e1e30,CM2-BR-052-C04,ชุมชนหลังโรงพยาบาลเลิดสิน (2)-CAM4,
6664d9c6a9ff45d35225e754,CM2-BR-055-C01,ปากซอยศาลาแดง 1 ถนนศาลาแดง-CAM1,
6664d9c79efb8d1af6bd82e4,CM2-BR-055-C02,ปากซอยศาลาแดง 1 ถนนศาลาแดง-CAM2,
6664d9c9a9ff45d35225e799,CM2-BR-055-C03,ปากซอยศาลาแดง 1 ถนนศาลาแดง-CAM3,
6664d9caa9ff45d35225e7c7,CM2-BR-055-C04,ปากซอยศาลาแดง 1 ถนนศาลาแดง-CAM4,
6664d9cb9efb8d1af6bd8335,CM2-BR-084-C01,ตลาดน้อย-CAM1,
6664d9cea81c7312ce3e1f2a,CM2-BR-084-C02,ตลาดน้อย-CAM2,
6664d9cfa9ff45d35225e84f,CM2-BR-084-C03,ตลาดน้อย-CAM3,
6664d9d2a81c7312ce3e1f8c,CM2-BR-084-C04,ตลาดน้อย-CAM4,
6664d9d4a9ff45d35225e8a9,CM3-BR-015-C01,ใต้ทางด่วนแยกมหานคร-CAM1,
6664d9d5a9ff45d35225e8e3,CM3-BR-015-C02,ใต้ทางด่วนแยกมหานคร-CAM2,
6664d9d69efb8d1af6bd842d,CM3-BR-015-C03,ใต้ทางด่วนแยกมหานคร-CAM3,
6664d9d89efb8d1af6bd844e,AC-PT-06-A-C01,โรงเรียนฝึกอาชีพกรุงเทพมหานคร (บ่อนไก่)-CAM1,
6664d9d99efb8d1af6bd8479,AC-PT-06-A-C02,โรงเรียนฝึกอาชีพกรุงเทพมหานคร (บ่อนไก่)-CAM2,
6664d9daa9ff45d35225e984,AC-PT-06-A-C03,โรงเรียนฝึกอาชีพกรุงเทพมหานคร (บ่อนไก่)-CAM3,
6664d9dca9ff45d35225e9a6,AC-PT-06-A-C04,โรงเรียนฝึกอาชีพกรุงเทพมหานคร (บ่อนไก่)-CAM4,
6664d9dda9ff45d35225e9c7,AC-PT-06-B-C01,โรงเรียนฝึกอาชีพกรุงเทพมหานคร (บ่อนไก่)-CAM1,
6664d9dfa81c7312ce3e2130,AC-PT-06-B-C02,โรงเรียนฝึกอาชีพกรุงเทพมหานคร (บ่อนไก่)-CAM2,
6664d9e0a81c7312ce3e2155,AC-PT-06-B-C03,โรงเรียนฝึกอาชีพกรุงเทพมหานคร (บ่อนไก่)-CAM3,
6664d9e19efb8d1af6bd8518,AC-PT-06-B-C04,โรงเรียนฝึกอาชีพกรุงเทพมหานคร (บ่อนไก่)-CAM4,
6664d9e39efb8d1af6bd8533,AC-PT-08-A-C01,สถาบันเทคโนโลยีปทุมวัน-CAM1,
6664d9e49efb8d1af6bd855c,AC-PT-08-A-C02,สถาบันเทคโนโลยีปทุมวัน-CAM2,
6664d9e5a81c7312ce3e21ef,AC-PT-08-A-C03,สถาบันเทคโนโลยีปทุมวัน-CAM3,
6664d9e6a9ff45d35225eb09,AC-PT-08-A-C04,สถาบันเทคโนโลยีปทุมวัน-CAM4,
6664d9e8a81c7312ce3e224e,AC-PT-08-B-C01,สถาบันเทคโนโลยีปทุมวัน-CAM1,
6664d9e9a9ff45d35225eb6e,AC-PT-08-B-C02,สถาบันเทคโนโลยีปทุมวัน-CAM2,
6664d9eb9efb8d1af6bd8619,AC-PT-08-B-C03,สถาบันเทคโนโลยีปทุมวัน-CAM3,
6664d9eca9ff45d35225ebbd,AC-PT-08-B-C04,สถาบันเทคโนโลยีปทุมวัน-CAM4,
6664d9eda81c7312ce3e2310,CM2-PT-043-C01,หน้าสมาคมราชกีฑาสโมสรประตู 1 ถนนอังรีดูนัง-CAM1,
6664d9efa81c7312ce3e2349,CM2-PT-043-C02,หน้าสมาคมราชกีฑาสโมสรประตู 1 ถนนอังรีดูนัง-CAM2,
6664d9f0a81c7312ce3e2397,CM2-PT-043-C03,หน้าสมาคมราชกีฑาสโมสรประตู 1 ถนนอังรีดูนัง-CAM3,
6664d9f1a9ff45d35225ec52,CM2-PT-043-C04,หน้าสมาคมราชกีฑาสโมสรประตู 1 ถนนอังรีดูนัง-CAM4,
6664d9f3a9ff45d35225ec85,CM2-PT-051-C01,ชุมชนวัดชัยมงคล (2)-CAM1,
6664d9f4a9ff45d35225ecad,CM2-PT-051-C02,ชุมชนวัดชัยมงคล (2)-CAM2,
6664d9f5a81c7312ce3e247e,CM2-PT-051-C03,ชุมชนวัดชัยมงคล (2)-CAM3,
6664d9f79efb8d1af6bd870c,CM2-PT-051-C04,ชุมชนวัดชัยมงคล (2)-CAM4,
6664d9f8a9ff45d35225ed29,CM3-PT-012-C01,ชุมชนเคหะชุมชนบ่อนไก่-CAM1,
6664d9f9a9ff45d35225ed4f,CM3-PT-012-C02,ชุมชนเคหะชุมชนบ่อนไก่-CAM2,
6664d9fba81c7312ce3e2554,CM3-PT-012-C03,ชุมชนเคหะชุมชนบ่อนไก่-CAM3,
6664d9fca81c7312ce3e2585,CM3-PT-018-C01,แยกบรรทัดทองตัดกับถนนพระรามที่ 4-CAM1,
6664d9ffa9ff45d35225edad,CM3-PT-018-C02,แยกบรรทัดทองตัดกับถนนพระรามที่ 4-CAM2,
6664da01a81c7312ce3e25e4,CM3-PT-018-C03,แยกบรรทัดทองตัดกับถนนพระรามที่ 4-CAM3,
6664da03a81c7312ce3e260d,CM3-PT-033-C01,หน้าอาคารอรกานต์ (ถนนชิดลม)-CAM1,
6664da049efb8d1af6bd880b,CM3-PT-033-C02,หน้าอาคารอรกานต์ (ถนนชิดลม)-CAM2,
6664da06a81c7312ce3e2663,CM3-PT-033-C03,หน้าอาคารอรกานต์ (ถนนชิดลม)-CAM3,
6664da0da81c7312ce3e2776,AC-PK-08-A-C01,วิทยาลัยพณิชยการบางนา-CAM1,
6664da0fa81c7312ce3e278f,AC-PK-08-A-C02,วิทยาลัยพณิชยการบางนา-CAM2,
6664da10a9ff45d35225eee8,AC-PK-08-A-C03,วิทยาลัยพณิชยการบางนา-CAM3,
6664da12a81c7312ce3e27e9,AC-PK-08-A-C04,วิทยาลัยพณิชยการบางนา-CAM4,
6664da14a9ff45d35225ef15,AC-PK-08-B-C010,วิทยาลัยพณิชยการบางนา-CAM10,
6664da199efb8d1af6bd89c5,AC-PK-08-B-C011,วิทยาลัยพณิชยการบางนา-CAM11,
6664da1aa9ff45d35225ef60,AC-PK-08-B-C012,วิทยาลัยพณิชยการบางนา-CAM12,
6664da1ca81c7312ce3e28ca,AC-PK-08-B-C9,วิทยาลัยพณิชยการบางนา-CAM9,
6664da1da81c7312ce3e28f1,CM2-PK-001-C01,ซอย พึ่งมี 50 (นิรันทร์วิลล่า)-CAM1,
6664da1f9efb8d1af6bd8a63,CM2-PK-001-C02,ซอย พึ่งมี 50 (นิรันทร์วิลล่า)-CAM2,
6664da20a81c7312ce3e2955,CM2-PK-001-C03,ซอย พึ่งมี 50 (นิรันทร์วิลล่า)-CAM3,
6664da22a81c7312ce3e296a,CM2-PK-001-C04,ซอย พึ่งมี 50 (นิรันทร์วิลล่า)-CAM4,
6664da23a9ff45d35225eff2,CM2-PK-002-C01,ซอยวชิรธรรมสาธิต 32-CAM1,
6664da26a9ff45d35225effc,CM2-PK-002-C02,ซอยวชิรธรรมสาธิต 32-CAM2,
6664da28a81c7312ce3e29d7,CM2-PK-002-C03,ซอยวชิรธรรมสาธิต 32-CAM3,
6664da29a9ff45d35225f055,CM2-PK-002-C04,ซอยวชิรธรรมสาธิต 32-CAM4,
6664da2a9efb8d1af6bd8b07,CM2-PK-003-C01,ปากซอยปุณวิถี 25-CAM1,
6664da2ca81c7312ce3e2a2a,CM2-PK-003-C02,ปากซอยปุณวิถี 25-CAM2,
6664da2da81c7312ce3e2a41,CM2-PK-003-C03,ปากซอยปุณวิถี 25-CAM3,
6664da2e9efb8d1af6bd8b67,CM2-PK-003-C04,ปากซอยปุณวิถี 25-CAM4,
6664da30a81c7312ce3e2a6d,CM2-PK-004-C01,ซอยพึ่งมี 29 เชื่อมซอยอ่อนนุช 30-CAM1,
6664da319efb8d1af6bd8b89,CM2-PK-004-C02,ซอยพึ่งมี 29 เชื่อมซอยอ่อนนุช 30-CAM2,
6664da32a9ff45d35225f109,CM2-PK-004-C03,ซอยพึ่งมี 29 เชื่อมซอยอ่อนนุช 30-CAM3,
6664da349efb8d1af6bd8ba8,CM2-PK-004-C04,ซอยพึ่งมี 29 เชื่อมซอยอ่อนนุช 30-CAM4,
6664da35a9ff45d35225f122,CM2-PK-005-C01,ซอยสุขุมวิท 64/1-CAM1,
6664da379efb8d1af6bd8bc3,CM2-PK-005-C02,ซอยสุขุมวิท 64/1-CAM2,
6664da38a81c7312ce3e2abe,CM2-PK-005-C03,ซอยสุขุมวิท 64/1-CAM3,
6664da399efb8d1af6bd8bdc,CM2-PK-005-C04,ซอยสุขุมวิท 64/1-CAM4,
6664da3aa9ff45d35225f140,CM2-PK-006-C01,ซอยปุณณวิถี 47-CAM1,
6664da3c9efb8d1af6bd8bef,CM2-PK-006-C02,ซอยปุณณวิถี 47-CAM2,
6664da3d9efb8d1af6bd8bf9,CM2-PK-006-C03,ซอยปุณณวิถี 47-CAM3,
6664da3fa81c7312ce3e2afc,CM2-PK-006-C04,ซอยปุณณวิถี 47-CAM4,
6664da40a81c7312ce3e2b04,CM2-PK-009-C04,ซอยวชิรธรรมสาธิต 27-29-CAM4,
6664da419efb8d1af6bd8c16,CM2-PK-019-C03,ชุมชนสุภาพงษ์ (1)-CAM3,
6664da429efb8d1af6bd8c1e,CM2-PK-019-C04,ชุมชนสุภาพงษ์ (1)-CAM4,
6664da44a81c7312ce3e2b12,CM2-PK-022-C04,ชุมชนหมู่บ้านการท่าเรือ (2)-CAM4,
6664da459efb8d1af6bd8c2d,CM2-PK-025-C01,ชุมชนเชลียง 5 (1)-CAM1,
6664da46a9ff45d35225f169,CM2-PK-025-C02,ชุมชนเชลียง 5 (1)-CAM2,
6664da489efb8d1af6bd8c44,CM2-PK-025-C03,ชุมชนเชลียง 5 (1)-CAM3,
6664da49a81c7312ce3e2b2a,CM2-PK-025-C04,ชุมชนเชลียง 5 (1)-CAM4,
6664da4aa9ff45d35225f177,CM2-PK-055-C04,ชุมชนหมู่บ้านไทยอาคาร (1)-CAM4,
6664da4c9efb8d1af6bd8c53,CM2-PK-056-C02,ชุมชนหมู่บ้านไทยอาคาร (2)-CAM2,
6664da4da81c7312ce3e2b36,CM2-PK-063-C04,ชุมชนทุ่งสาธิต (1)-CAM4,
6664da4ea9ff45d35225f183,CM2-PK-065-C03,ซอยสุขุมวิท 64 แยก 5-CAM3,
6664da85a81c7312ce3e2bfb,CM2-PK-072-C01,ชุมชนหมู่บ้านศรัณจิต 4 (2)-CAM1,
6664da86a81c7312ce3e2c02,CM2-PK-076-C01,ชุมชนเยี่ยมเจริญสุข (2)-CAM1,
6664da889efb8d1af6bd8d51,CM2-PK-076-C02,ชุมชนเยี่ยมเจริญสุข (2)-CAM2,
6664da89a81c7312ce3e2c10,CM2-PK-076-C03,ชุมชนเยี่ยมเจริญสุข (2)-CAM3,
6664da8a9efb8d1af6bd8d63,CM2-PK-076-C04,ชุมชนเยี่ยมเจริญสุข (2)-CAM4,
6664da8ca9ff45d35225f275,CM3-PK-003-C01,บริเวณ ซ.วชิรธรรมสาธิต 32 แยก 2 ถ.สุขุมวิท 101/1-CAM1,
6664da8da81c7312ce3e2c2f,CM3-PK-003-C02,บริเวณ ซ.วชิรธรรมสาธิต 32 แยก 2 ถ.สุขุมวิท 101/1-CAM2,
6664da8e9efb8d1af6bd8d83,CM3-PK-003-C03,บริเวณ ซ.วชิรธรรมสาธิต 32 แยก 2 ถ.สุขุมวิท 101/1-CAM3,
6664da90a81c7312ce3e2c38,CM3-PK-027-C01,ปากซอยอุดมสุข 45-CAM1,
6664da91a9ff45d35225f29c,CM3-PK-027-C02,ปากซอยอุดมสุข 45-CAM2,
6664da929efb8d1af6bd8d97,CM3-PK-027-C03,ปากซอยอุดมสุข 45-CAM3,
6664da949efb8d1af6bd8d9d,AC-YW-09-A-C01,สารสาสน์เอกตรา-CAM1,
6664da95a81c7312ce3e2c5d,AC-YW-09-A-C02,สารสาสน์เอกตรา-CAM2,
6664da96a81c7312ce3e2c6d,AC-YW-09-A-C03,สารสาสน์เอกตรา-CAM3,
6664da98a9ff45d35225f2c9,AC-YW-09-A-C04,สารสาสน์เอกตรา-CAM4,
6664da999efb8d1af6bd8dd1,AC-YW-09-B-C01,สารสาสน์เอกตรา B-CAM1,
6664da9ba9ff45d35225f2ec,AC-YW-09-B-C02,สารสาสน์เอกตรา B-CAM2,
6664da9ca9ff45d35225f2f9,AC-YW-09-B-C03,สารสาสน์เอกตรา B-CAM3,
6664da9d9efb8d1af6bd8df3,AC-YW-09-B-C04,สารสาสน์เอกตรา B-CAM4,
6664df8fa9ff45d352260ad5,AC-WT-02-A-C01,เกษมพิทยา-CAM1,
6664df909efb8d1af6bda991,AC-WT-02-A-C02,เกษมพิทยา-CAM2,
6664df90a9ff45d352260ade,AC-WT-02-A-C03,เกษมพิทยา-CAM3,
6664df90a9ff45d352260ae4,AC-WT-02-A-C04,เกษมพิทยา-CAM4,
6664df919efb8d1af6bda995,AC-WT-02-B-C01,เกษมพิทยา-CAM1,
6664df91a81c7312ce3e46b2,AC-WT-02-B-C02,เกษมพิทยา-CAM2,
6664df91a9ff45d352260af6,AC-WT-02-B-C03,เกษมพิทยา-CAM3,
6664df92a81c7312ce3e46ba,AC-WT-02-B-C04,เกษมพิทยา-CAM4,
6664df92a9ff45d352260afe,AC-WT-03-A-C01,คริสต์ธรรมศึกษา-CAM1,
6664df92a9ff45d352260b04,AC-WT-03-A-C02,คริสต์ธรรมศึกษา-CAM2,
6664df93a81c7312ce3e46c3,AC-WT-03-A-C03,คริสต์ธรรมศึกษา-CAM3,
6664df93a81c7312ce3e46c7,AC-WT-03-A-C04,คริสต์ธรรมศึกษา-CAM4,
6664df93a81c7312ce3e46c9,AC-WT-03-B-C01,คริสต์ธรรมศึกษา-CAM1,
6664df949efb8d1af6bda9b2,AC-WT-03-B-C02,คริสต์ธรรมศึกษา-CAM2,
6664df94a9ff45d352260b1a,AC-WT-03-B-C03,คริสต์ธรรมศึกษา-CAM3,
6664df94a9ff45d352260b1c,AC-WT-03-B-C04,คริสต์ธรรมศึกษา-CAM4,
6664df95a81c7312ce3e46dc,AC-WT-06-A-C01,วัฒนาวิทยาลัย-CAM1,
6664df95a81c7312ce3e46e3,AC-WT-06-A-C03,วัฒนาวิทยาลัย-CAM3,
6664df95a9ff45d352260b27,AC-WT-06-A-C02,วัฒนาวิทยาลัย-CAM2,
6664df96a81c7312ce3e46e6,AC-WT-06-A-C04,วัฒนาวิทยาลัย-CAM4,
6664df96a81c7312ce3e46f6,AC-WT-06-B-C02,วัฒนาวิทยาลัย-CAM2,
6664df96a9ff45d352260b32,AC-WT-06-B-C01,วัฒนาวิทยาลัย-CAM1,
6664df97a81c7312ce3e46fa,AC-WT-06-B-C03,วัฒนาวิทยาลัย-CAM3,
6664df97a81c7312ce3e46fe,AC-WT-06-B-C04,วัฒนาวิทยาลัย-CAM4,
6664df97a9ff45d352260b40,AC-WT-10-B-C01,ศรีนครินทรวิโรฒ ประสานมิตร-CAM1,
6664df989efb8d1af6bda9ca,AC-WT-10-B-C02,ศรีนครินทรวิโรฒ ประสานมิตร-CAM2,
6664df98a81c7312ce3e4708,AC-WT-10-B-C03,ศรีนครินทรวิโรฒ ประสานมิตร-CAM3,
6664df99a81c7312ce3e470d,AC-WT-10-B-C04,ศรีนครินทรวิโรฒ ประสานมิตร-CAM4,
6664df99a81c7312ce3e4713,CM2-WT-027-C01,ชุมชนมีสุวรรณ 3 (1)-CAM1,
6664df99a81c7312ce3e4717,CM2-WT-027-C02,ชุมชนมีสุวรรณ 3 (1)-CAM2,
6664df9aa81c7312ce3e4721,CM2-WT-027-C04,ชุมชนมีสุวรรณ 3 (1)-CAM4,
6664df9aa9ff45d352260b5d,CM2-WT-027-C03,ชุมชนมีสุวรรณ 3 (1)-CAM3,
6664df9b9efb8d1af6bda9e1,CM2-WT-028-C02,ชุมชนมีสุวรรณ 3 (2)-CAM2,
6664df9b9efb8d1af6bda9e5,CM2-WT-028-C03,ชุมชนมีสุวรรณ 3 (2)-CAM3,
6664df9ba9ff45d352260b66,CM2-WT-028-C01,ชุมชนมีสุวรรณ 3 (2)-CAM1,
6664df9ca81c7312ce3e472e,CM2-WT-028-C04,ชุมชนมีสุวรรณ 3 (2)-CAM4,
6664dfa09efb8d1af6bdaa1b,AC-SL-01-A-C01,เกษมบัณฑิต-CAM1,
6664dfa0a9ff45d352260bbd,AC-SL-01-A-C02,เกษมบัณฑิต-CAM2,
6664dfa19efb8d1af6bdaa27,AC-SL-01-A-C04,เกษมบัณฑิต-CAM4,
6664dfa1a81c7312ce3e4773,AC-SL-01-A-C03,เกษมบัณฑิต-CAM3,
6664dfa1a9ff45d352260bcc,AC-SL-01-B-C01,เกษมบัณฑิต-CAM1,
6664dfa29efb8d1af6bdaa2f,AC-SL-01-B-C03,เกษมบัณฑิต-CAM3,
6664dfa2a81c7312ce3e4778,AC-SL-01-B-C02,เกษมบัณฑิต-CAM2,
6664dfa2a9ff45d352260be7,AC-SL-01-B-C04,เกษมบัณฑิต-CAM4,
6664dfa3a81c7312ce3e478a,AC-SL-03-A-C02,เตรียมอุดมศึกษาพัฒนาการ-CAM2,
6664dfa3a9ff45d352260bed,AC-SL-03-A-C01,เตรียมอุดมศึกษาพัฒนาการ-CAM1,
6664dfa4a81c7312ce3e4799,AC-SL-03-A-C04,เตรียมอุดมศึกษาพัฒนาการ-CAM4,
6664dfa4a9ff45d352260bf6,AC-SL-03-A-C03,เตรียมอุดมศึกษาพัฒนาการ-CAM3,
6664dfa5a81c7312ce3e479d,AC-SL-09-A-C01,สถาบันเทคโนโลยีไทย-ญี่ปุ่น-CAM1,
6664dfa5a81c7312ce3e47a2,AC-SL-09-A-C02,สถาบันเทคโนโลยีไทย-ญี่ปุ่น-CAM2,
6664dfa5a9ff45d352260c10,AC-SL-09-A-C03,สถาบันเทคโนโลยีไทย-ญี่ปุ่น-CAM3,
6664dfa69efb8d1af6bdaa49,AC-SL-09-A-C04,สถาบันเทคโนโลยีไทย-ญี่ปุ่น-CAM4,
6664dfa69efb8d1af6bdaa51,AC-ST-08-A-C01,วัดสุทธิวราราม-CAM1,
6664dfa7a81c7312ce3e47bd,AC-ST-08-A-C03,วัดสุทธิวราราม-CAM3,
6664dfa7a81c7312ce3e47c3,AC-ST-08-A-C04,วัดสุทธิวราราม-CAM4,
6664dfa7a9ff45d352260c27,AC-ST-08-A-C02,วัดสุทธิวราราม-CAM2,
6664dfa8a81c7312ce3e47c8,AC-ST-08-A-C5,วัดสุทธิวราราม-CAM5,
6664dfa8a9ff45d352260c3d,AC-ST-08-A-C6,วัดสุทธิวราราม-CAM6,
6664dfa9a81c7312ce3e47d2,AC-ST-08-A-C7,วัดสุทธิวราราม-CAM7,
6664dfa9a9ff45d352260c42,AC-ST-08-A-C8,วัดสุทธิวราราม-CAM8,
6664dfa9a9ff45d352260c48,AC-ST-08-A-C9,วัดสุทธิวราราม-CAM9,
6664dfaa9efb8d1af6bdaa6f,AC-ST-09-A-C02,วิทยาลัยอาชีวศึกษาเอี่ยมละออ A-CAM2,
6664dfaaa9ff45d352260c4e,AC-ST-09-A-C01,วิทยาลัยอาชีวศึกษาเอี่ยมละออ A-CAM1,
6664dfab9efb8d1af6bdaa7b,AC-ST-09-B-C01,วิทยาลัยอาชีวศึกษาเอี่ยมละออ B-CAM1,
6664dfaba81c7312ce3e47e9,AC-ST-09-A-C03,วิทยาลัยอาชีวศึกษาเอี่ยมละออ A-CAM3,
6664dfaba9ff45d352260c5f,AC-ST-09-A-C04,วิทยาลัยอาชีวศึกษาเอี่ยมละออ A-CAM4,
6664dfaca81c7312ce3e47f5,AC-ST-09-B-C02,วิทยาลัยอาชีวศึกษาเอี่ยมละออ B-CAM2,
6664dfaca81c7312ce3e47f8,AC-ST-09-B-C03,วิทยาลัยอาชีวศึกษาเอี่ยมละออ B-CAM3,
6664dfada81c7312ce3e47fc,AC-ST-09-B-C04,วิทยาลัยอาชีวศึกษาเอี่ยมละออ B-CAM4,
6664dfada81c7312ce3e480a,CM2-ST-018-C04,ซอยสาธุประดิษฐ์ 12 (ประสานมิตร)-CAM4,
6664dfada9ff45d352260c71,CM2-ST-003-C02,ปากซอยเจริญกรุง 63-CAM2,
6664dfae9efb8d1af6bdaa98,CM2-ST-037-C01,ปากซอยเย็นอากาศ 3-CAM1,
6664dfafa81c7312ce3e4819,CM2-ST-037-C02,ปากซอยเย็นอากาศ 3-CAM2,
6664dfafa9ff45d352260c80,CM2-ST-037-C03,ปากซอยเย็นอากาศ 3-CAM3,
6664dfb09efb8d1af6bdaaa4,CM2-ST-037-C04,ปากซอยเย็นอากาศ 3-CAM4,
6664dfb0a9ff45d352260c94,CM2-ST-038-C01,ปากซอยสาธุประดิษฐ์ 12 (ประสานมิตร)-CAM1,
6664dfb19efb8d1af6bdaab1,CM2-ST-038-C02,ปากซอยสาธุประดิษฐ์ 12 (ประสานมิตร)-CAM2,
6664dfb19efb8d1af6bdaab6,CM2-ST-038-C04,ปากซอยสาธุประดิษฐ์ 12 (ประสานมิตร)-CAM4,
6664dfb1a9ff45d352260c99,CM2-ST-038-C03,ปากซอยสาธุประดิษฐ์ 12 (ประสานมิตร)-CAM3,
6664dfb29efb8d1af6bdaabe,CM2-ST-061-C01,ชุมชนปู่เหลี่ยม (1)-CAM1,
6664dfb2a9ff45d352260ca2,CM2-ST-055-C03,ปากซอยเจริญราษฏร์ 2-CAM3,
6664dfb39efb8d1af6bdaac4,CM2-ST-067-C01,ชุมชน ส.พัน 1 รอ. (1)-CAM1,
6664dfb39efb8d1af6bdaac7,CM2-ST-067-C02,ชุมชน ส.พัน 1 รอ. (1)-CAM2,
6664dfb3a9ff45d352260ca8,CM2-ST-065-C02,ชุมชนกิ่งจันทน์ ซอยจันทน์ 49 (1)-CAM2,
6664dfb49efb8d1af6bdaacb,CM2-ST-067-C03,ชุมชน ส.พัน 1 รอ. (1)-CAM3,
6664dfb4a81c7312ce3e484f,CM2-ST-067-C04,ชุมชน ส.พัน 1 รอ. (1)-CAM4,
6664dfb4a9ff45d352260cbc,CM2-ST-079-C01,ชุมชนมิตรสามัคคี ซอยจันทน์ 34/2 (1)-CAM1,
6664dfb59efb8d1af6bdaada,CM2-ST-079-C03,ชุมชนมิตรสามัคคี ซอยจันทน์ 34/2 (1)-CAM3,
6664dfb5a81c7312ce3e4860,CM2-ST-079-C02,ชุมชนมิตรสามัคคี ซอยจันทน์ 34/2 (1)-CAM2,
6664dfb6a81c7312ce3e4869,CM2-ST-079-C04,ชุมชนมิตรสามัคคี ซอยจันทน์ 34/2 (1)-CAM4,
6664dfb6a81c7312ce3e486e,CM2-ST-081-C02,ชุมชนแสงจันทร์ใน ซอยจันทน์ 32 แยก 3 (1)-CAM2,
6664dfb6a81c7312ce3e4875,CM2-ST-098-C04,ชุมชนวรรัตน์สัมพันธ์ ถนนนราธิวาสฯ (2)-CAM4,
6664dfb7a9ff45d352260cd6,CM2-ST-101-C01,ชุมชนเซ็นต์หลุยส์ 3 ซอยนราธิวาสฯ 6 (1)-CAM1,
6664dfbc9efb8d1af6bdaafb,CM2-ST-108-C02,ชุมชนพัฒนสิน (2)-CAM2,
6664dfbca9ff45d352260cf2,CM2-ST-108-C01,ชุมชนพัฒนสิน (2)-CAM1,
6664dfbda81c7312ce3e4898,CM2-ST-108-C03,ชุมชนพัฒนสิน (2)-CAM3,
6664dfbda9ff45d352260cff,CM2-ST-108-C04,ชุมชนพัฒนสิน (2)-CAM4,
6664dfbe9efb8d1af6bdab05,CM2-ST-112-C02,โรงเรียนพระแม่มารี-CAM2,
6664dfbea9ff45d352260d03,CM2-ST-111-C01,ซอยสาทร 15-CAM1,
6664dfbea9ff45d352260d0c,CM2-ST-112-C01,โรงเรียนพระแม่มารี-CAM1,
6664dfbf9efb8d1af6bdab06,CM2-ST-112-C03,โรงเรียนพระแม่มารี-CAM3,
6667fa5ca81c7312ce48202e,CM2-BT-014-C03,ซอยพระราม 2 ที่ 83-CAM3,
6667fa5ca81c7312ce482031,CM2-BT-014-C04,ซอยพระราม 2 ที่ 83-CAM4,
6667fa5ca9ff45d3522ffd36,CM2-BT-014-C02,ซอยพระราม 2 ที่ 83-CAM2,
6667ffc0a81c7312ce482e97,CM2-BT-014-C02,ซอยพระราม 2 ที่ 83-CAM2,
66680001a81c7312ce482ef6,CM2-BT-014-C02,ซอยพระราม 2 ที่ 83-CAM2,
66680028a9ff45d352300aff,CM2-BT-014-C03,ซอยพระราม 2 ที่ 83-CAM3,
666822fca9ff45d3523076ac,CM2-BT-014-C03,ซอยพระราม 2 ที่ 83-CAM3,
666823229efb8d1af6c7f8ff,CM2-BT-014-C04,ซอยพระราม 2 ที่ 83-CAM4,
666863109efb8d1af6c89b04,AC-SM-8-C01,โรงเรียนวัดราษฎร์นิยมธรรม-CAM1,
666863119efb8d1af6c89b16,AC-SM-8-C02,โรงเรียนวัดราษฎร์นิยมธรรม-CAM2,
666863129efb8d1af6c89b23,AC-SM-8-C03,โรงเรียนวัดราษฎร์นิยมธรรม-CAM3,
666863149efb8d1af6c89b33,AC-SM-8-C04,โรงเรียนวัดราษฎร์นิยมธรรม-CAM4,
66686315a9ff45d352311d7d,AC-SM-8-C05,โรงเรียนวัดราษฎร์นิยมธรรม-CAM5,
66686316a81c7312ce49415c,AC-SM-8-C06,โรงเรียนวัดราษฎร์นิยมธรรม-CAM6,
66686318a9ff45d352311d82,AC-SM-8-C07,โรงเรียนวัดราษฎร์นิยมธรรม-CAM7,
66686319a81c7312ce494162,AC-SM-8-C08,โรงเรียนวัดราษฎร์นิยมธรรม-CAM8,
6668631aa9ff45d352311d87,AC-SM-8-C09,โรงเรียนวัดราษฎร์นิยมธรรม-CAM9,
66686337a81c7312ce494207,CM1-LS-2-C1,ซอยแจ้งวัฒนะ 12 แยก 4-7-4-1-3-CAM1,
6668635ca81c7312ce494216,CM1-LS-2-C2,ซอยแจ้งวัฒนะ 12 แยก 4-7-4-1-3-CAM2,
666863829efb8d1af6c89cac,CM1-LS-2-C3,ซอยแจ้งวัฒนะ 12 แยก 4-7-4-1-3-CAM3,
666863a8a9ff45d352311e71,CM1-LS-2-C4,ซอยแจ้งวัฒนะ 12 แยก 4-7-4-1-3-CAM4,
66687cd7a81c7312ce499a13,CM1-LS-2-C1,ซอยแจ้งวัฒนะ 12 แยก 4-7-4-1-3-CAM1,
66687cd89efb8d1af6c8f568,CM1-LS-2-C2,ซอยแจ้งวัฒนะ 12 แยก 4-7-4-1-3-CAM2,
66687cd8a81c7312ce499a1e,CM1-LS-2-C3,ซอยแจ้งวัฒนะ 12 แยก 4-7-4-1-3-CAM3,
66687cd99efb8d1af6c8f56f,CM1-LS-2-C4,ซอยแจ้งวัฒนะ 12 แยก 4-7-4-1-3-CAM4,
666887aa9efb8d1af6c922b5,CB-PY-15-C2,หน้าสถานีโทรทัศน์กองทัพบกชิอง 5 ถ.พหลโยธิน แขวงสามเสนใน - CAM2,
666887aaa81c7312ce49cc08,CB-PY-15-C2,หน้าสถานีโทรทัศน์กองทัพบกชิอง 5 ถ.พหลโยธิน แขวงสามเสนใน - CAM2,
666887b99efb8d1af6c92366,CB-PY-28-C1,ซอยอารีย์สัมพันธ์ 3 จุดที่ 2 - CAM1,
666887b99efb8d1af6c9236a,CB-PY-28-C2,ซอยอารีย์สัมพันธ์ 3 จุดที่ 2 - CAM2,
666887b9a9ff45d35231a62f,CB-PY-28-C3,ซอยอารีย์สัมพันธ์ 3 จุดที่ 2 - CAM3,
666887e39efb8d1af6c924cc,CB-RW-23-C2,ชุมชนซอยแดงบุหา ซอยเพชรบุรี7 แขวงทุ่งพญาไท - CAM2,
666887e3a9ff45d35231a74e,CB-RW-23-C1,ชุมชนซอยแดงบุหา ซอยเพชรบุรี7 แขวงทุ่งพญาไท - CAM1,
666887e4a81c7312ce49ce24,CB-RW-23-C3,ชุมชนซอยแดงบุหา ซอยเพชรบุรี7 แขวงทุ่งพญาไท - CAM3,
666887e6a9ff45d35231a75f,CB-RW-3-C1,ใต้สะพานคนข้ามถนน ฝั่งตรงข้ามซอยเพชรบุรี 39 แขวงมักกะสัน - CAM1,
666887e8a81c7312ce49ce41,CB-RW-3-C2,ใต้สะพานคนข้ามถนน ฝั่งตรงข้ามซอยเพชรบุรี 39 แขวงมักกะสัน - CAM2,
666887e99efb8d1af6c924ee,CB-RW-4-C1,ชุมชนริมทางรถไฟมักกะสัน แขวงมักกะสัน - CAM1,
666887e9a9ff45d35231a772,CB-RW-4-C2,ชุมชนริมทางรถไฟมักกะสัน แขวงมักกะสัน - CAM2,
666887ea9efb8d1af6c924f7,CB-RW-5-C1,ชุมชนริมทางรถไฟมักกะสัน แขวงมักกะสัน - CAM1,
666887eaa81c7312ce49ce65,CB-RW-5-C2,ชุมชนริมทางรถไฟมักกะสัน แขวงมักกะสัน - CAM2,
666887eaa9ff45d35231a781,CB-RW-6-C1,ลานกีฬาชุมชนบ้านครัวเหนือ - CAM1,
666887eba81c7312ce49ce6d,CB-RW-6-C2,ลานกีฬาชุมชนบ้านครัวเหนือ - CAM2,
666887eba81c7312ce49ce74,CB-RW-7-C1,ชุมชนบ้านครัวเหนือ ถนนบรรทัดทอง แขวงถนนเพชรบุรี - CAM1,
666887eba9ff45d35231a78c,CB-RW-7-C2,ชุมชนบ้านครัวเหนือ ถนนบรรทัดทอง แขวงถนนเพชรบุรี - CAM2,
666887eca81c7312ce49ce7e,CB-RW-8-C1,คอนโดเดอะ มาร์ค ถนนจตุรทิศ - CAM1,
666887eca81c7312ce49ce82,CB-RW-9-C1,ซอยราชวิถี 3 แขวงสามเสนใน - CAM1,
666887eca9ff45d35231a79d,CB-RW-8-C2,คอนโดเดอะ มาร์ค ถนนจตุรทิศ - CAM2,
666887ed9efb8d1af6c9252f,CB-RW-9-C2,ซอยราชวิถี 3 แขวงสามเสนใน - CAM2,
666887ed9efb8d1af6c92539,CB-SW-1-C1,ถนนทรงสวัสดิ์ ตัด ถนนเจริญกรุง - CAM1,
666887ee9efb8d1af6c9253e,CB-SW-1-C2,ถนนทรงสวัสดิ์ ตัด ถนนเจริญกรุง - CAM2,
666887eea81c7312ce49ce9b,CB-SW-2-C1,ถนนลำพูนไชย ตัด ถนนเจริญกรุง - CAM1,
666887eea9ff45d35231a7c5,CB-SW-2-C2,ถนนลำพูนไชย ตัด ถนนเจริญกรุง - CAM2,
666887ef9efb8d1af6c92564,CB-SW-3-C1,ตรอกโพธิ์ ถนนเยาวราช ซอย7 - CAM1,
666887ef9efb8d1af6c9256e,CB-SW-3-C2,ตรอกโพธิ์ ถนนเยาวราช ซอย7 - CAM2,
666887f0a81c7312ce49ceb3,CB-SW-4-C1,ถนนเยาวพานิช - ถนนเยาวราช - CAM1,
666887f0a81c7312ce49ceb8,CB-SW-4-C2,ถนนเยาวพานิช - ถนนเยาวราช - CAM2,
666887f0a81c7312ce49cebf,CB-SW-4-C3,ถนนเยาวพานิช - ถนนเยาวราช - CAM3,
666887f1a9ff45d35231a800,CB-SW-5-C1,ปากซอบถนนเจริญกรุง 16 ชุมชนเลงบ๊วยเอี๊ยะ - CAM1,
666887f2a81c7312ce49cec7,CB-SW-5-C2,ปากซอบถนนเจริญกรุง 16 ชุมชนเลงบ๊วยเอี๊ยะ - CAM2,
666887f2a9ff45d35231a81c,CB-SW-5-C3,ปากซอบถนนเจริญกรุง 16 ชุมชนเลงบ๊วยเอี๊ยะ - CAM3,
666887f39efb8d1af6c925b4,CB-WL-1-C2,หมู่บ้านศิรินเทพ ถนนอินทราภรณ์ ตัดถนนประดิษฐ์มนูธรรม - CAM2,
666887f3a9ff45d35231a822,CB-WL-1-C1,หมู่บ้านศิรินเทพ ถนนอินทราภรณ์ ตัดถนนประดิษฐ์มนูธรรม - CAM1,
666887f49efb8d1af6c925c8,CB-WL-1-C3,หมู่บ้านศิรินเทพ ถนนอินทราภรณ์ ตัดถนนประดิษฐ์มนูธรรม - CAM3,
666887f4a81c7312ce49cee7,CB-WL-10-C1,ซอยลาดพร้าว 80 แยก 22 (ซอยรัตนพงษ์) - CAM1,
666887f4a81c7312ce49ceeb,CB-WL-10-C2,ซอยลาดพร้าว 80 แยก 22 (ซอยรัตนพงษ์) - CAM2,
666887f59efb8d1af6c925e3,CB-WL-11-C1,หน้าสถานีสูบน้ำคลองจิกมิตรมหาดไทย ซอยลาดพร้าว 126 - CAM1,
666887f59efb8d1af6c925eb,CB-WL-11-C2,หน้าสถานีสูบน้ำคลองจิกมิตรมหาดไทย ซอยลาดพร้าว 126 - CAM2,
666887f5a9ff45d35231a847,CB-WL-10-C3,ซอยลาดพร้าว 80 แยก 22 (ซอยรัตนพงษ์) - CAM3,
666887f69efb8d1af6c925f1,CB-WL-11-C3,หน้าสถานีสูบน้ำคลองจิกมิตรมหาดไทย ซอยลาดพร้าว 126 - CAM3,
666887f6a9ff45d35231a85c,CB-WL-12-C1,ซอยลาดพร้าว 122 แยก 28 - CAM1,
666887f79efb8d1af6c92601,CB-WL-12-C2,ซอยลาดพร้าว 122 แยก 28 - CAM2,
666887f79efb8d1af6c92603,CB-WL-12-C3,ซอยลาดพร้าว 122 แยก 28 - CAM3,
666887f7a9ff45d35231a86b,CB-WL-13-C1,เชิงสะพานข้ามคลองลาดพร้าวถนนประชาอุทิศ - CAM1,
666887f89efb8d1af6c92618,CB-WL-13-C3,เชิงสะพานข้ามคลองลาดพร้าวถนนประชาอุทิศ - CAM3,
666887f89efb8d1af6c92620,CB-WL-14-C1,ซอยลาดพร้าว 80 แยก 2 แขวงวังทองหลาง - CAM1,
666887f8a81c7312ce49cf00,CB-WL-13-C2,เชิงสะพานข้ามคลองลาดพร้าวถนนประชาอุทิศ - CAM2,
666887f99efb8d1af6c92626,CB-WL-14-C2,ซอยลาดพร้าว 80 แยก 2 แขวงวังทองหลาง - CAM2,
666887f99efb8d1af6c92632,CB-WL-15-C1,เชิงสะพานข้ามคลอง ซอยลาดพร้าว 126 - CAM1,
666887f9a9ff45d35231a884,CB-WL-14-C3,ซอยลาดพร้าว 80 แยก 2 แขวงวังทองหลาง - CAM3,
666887fa9efb8d1af6c92637,CB-WL-15-C2,เชิงสะพานข้ามคลอง ซอยลาดพร้าว 126 - CAM2,
666887faa9ff45d35231a897,CB-WL-16-C1,เชิงสะพานจำเนียรเสริม ถนนประชาอุทิศ แขวงพลับพลา - CAM1,
666887fb9efb8d1af6c9264c,CB-WL-2-C1,หมู่บ้านทิวสนโครงการ 2 ซ.ลาดพร้าว 87 แยก 28 - CAM1,
666887fb9efb8d1af6c92651,CB-WL-2-C2,หมู่บ้านทิวสนโครงการ 2 ซ.ลาดพร้าว 87 แยก 28 - CAM2,
666887fba81c7312ce49cf0f,CB-WL-16-C2,เชิงสะพานจำเนียรเสริม ถนนประชาอุทิศ แขวงพลับพลา - CAM2,
666887fc9efb8d1af6c92656,CB-WL-2-C3,หมู่บ้านทิวสนโครงการ 2 ซ.ลาดพร้าว 87 แยก 28 - CAM3,
666887fca81c7312ce49cf12,CB-WL-3-C1,หมู่บ้านลาดพร้าว 87 ซอยลาดพร้าว 87 - CAM1,
666887fda9ff45d35231a8bb,CB-WL-3-C2,หมู่บ้านลาดพร้าว 87 ซอยลาดพร้าว 87 - CAM2,
666887fda9ff45d35231a8bf,CB-WL-3-C3,หมู่บ้านลาดพร้าว 87 ซอยลาดพร้าว 87 - CAM3,
666887fda9ff45d35231a8c4,CB-WL-4-C1,ซอยลาดพร้าว 87 แยก 3 แขวงคลองเจ้าคุณสิงห์ - CAM1,
666887fe9efb8d1af6c92681,CB-WL-4-C2,ซอยลาดพร้าว 87 แยก 3 แขวงคลองเจ้าคุณสิงห์ - CAM2,
666887fe9efb8d1af6c92685,CB-WL-4-C3,ซอยลาดพร้าว 87 แยก 3 แขวงคลองเจ้าคุณสิงห์ - CAM3,
666887ff9efb8d1af6c92690,CB-WL-5-C1,ชุมชนไดร์ฟอิน ซอยลาดพร้าว 126 แขวงวังทองหลาง - CAM1,
666887ffa81c7312ce49cf26,CB-WL-5-C2,ชุมชนไดร์ฟอิน ซอยลาดพร้าว 126 แขวงวังทองหลาง - CAM2,
666887ffa81c7312ce49cf2a,CB-WL-6-C1,ซอยลาดพร้าว 64 แยก 10 - CAM1,
66688800a81c7312ce49cf2d,CB-WL-6-C3,ซอยลาดพร้าว 64 แยก 10 - CAM3,
66688800a9ff45d35231a8e2,CB-WL-6-C2,ซอยลาดพร้าว 64 แยก 10 - CAM2,
66688801a81c7312ce49cf36,CB-WL-7-C2,ตรงข้ามบิ๊กซี ถนนโชคชัย 4 - CAM2,
66688801a9ff45d35231a8ec,CB-WL-7-C1,ตรงข้ามบิ๊กซี ถนนโชคชัย 4 - CAM1,
66688801a9ff45d35231a8f3,CB-WL-8-C1,ปากซอยสังคมสงเคราะห์ 27 แขวงสะพานสูง - CAM1,
666888029efb8d1af6c926cd,CB-WL-8-C3,ปากซอยสังคมสงเคราะห์ 27 แขวงสะพานสูง - CAM3,
666888029efb8d1af6c926d3,CB-WL-9-C1,หน้าร้าน Goldon Place ซอยจำเนียรเสริม - CAM1,
66688802a9ff45d35231a8fb,CB-WL-8-C2,ปากซอยสังคมสงเคราะห์ 27 แขวงสะพานสูง - CAM2,
666888039efb8d1af6c926de,CB-WL-9-C3,หน้าร้าน Goldon Place ซอยจำเนียรเสริม - CAM3,
66688803a81c7312ce49cf4c,CB-WL-9-C2,หน้าร้าน Goldon Place ซอยจำเนียรเสริม - CAM2,
666a4f1fa81c7312ce4f4c2a,CM1-BS-034-C04,ปากซอยวงศ์สว่าง 8-CAM4,
666a6c0aa81c7312ce4f9e04,CM1-BS-034-C04,ปากซอยวงศ์สว่าง 8-CAM4,
666be94c9efb8d1af6d1a4a7,AC-SM-8-C01,โรงเรียนวัดราษฎร์นิยมธรรม-CAM1,
666be94c9efb8d1af6d1a4ac,AC-SM-8-C02,โรงเรียนวัดราษฎร์นิยมธรรม-CAM2,
666be94c9efb8d1af6d1a4b1,AC-SM-8-C03,โรงเรียนวัดราษฎร์นิยมธรรม-CAM3,
666be94d9efb8d1af6d1a4b9,AC-SM-8-C05,โรงเรียนวัดราษฎร์นิยมธรรม-CAM5,
666be94da9ff45d3523bdfff,AC-SM-8-C04,โรงเรียนวัดราษฎร์นิยมธรรม-CAM4,
666be94ea81c7312ce52501c,AC-SM-8-C06,โรงเรียนวัดราษฎร์นิยมธรรม-CAM6,
666be94ea9ff45d3523be00c,AC-SM-8-C07,โรงเรียนวัดราษฎร์นิยมธรรม-CAM7,
666be94f9efb8d1af6d1a4c4,AC-SM-8-C08,โรงเรียนวัดราษฎร์นิยมธรรม-CAM8,
666be94f9efb8d1af6d1a4cb,AC-SM-8-C09,โรงเรียนวัดราษฎร์นิยมธรรม-CAM9,
